age,assists,attempted_field_goals,attempted_free_throws,attempted_three_point_field_goals,blocks,defensive_rebounds,games_played,games_started,made_field_goals,made_free_throws,made_three_point_field_goals,minutes_played,name,offensive_rebounds,personal_fouls,points,positions,slug,steals,team,turnovers
25,20,157,13,127,6,43,31,2,56,12,41,588,Álex Abrines,5,53,165,[<Position.SHOOTING_GUARD: 'SHOOTING GUARD'>],abrinal01,17,Team.OKLAHOMA_CITY_THUNDER,14
28,8,18,10,15,4,22,10,0,4,7,2,123,Quincy Acy,3,24,17,[<Position.POWER_FORWARD: 'POWER FORWARD'>],acyqu01,1,Team.PHOENIX_SUNS,4
22,65,110,9,74,5,49,34,1,38,7,25,428,Jaylen Adams,11,45,108,[<Position.POINT_GUARD: 'POINT GUARD'>],adamsja01,14,Team.ATLANTA_HAWKS,28
25,124,809,292,2,76,369,80,80,481,146,0,2669,Steven Adams,391,204,1108,[<Position.CENTER: 'CENTER'>],adamsst01,117,Team.OKLAHOMA_CITY_THUNDER,135
21,184,486,226,15,65,432,82,28,280,166,3,1913,Bam Adebayo,165,203,729,[<Position.CENTER: 'CENTER'>],adebaba01,71,Team.MIAMI_HEAT,121
21,5,36,4,23,4,16,19,3,11,4,6,194,Deng Adel,3,13,32,[<Position.SMALL_FORWARD: 'SMALL FORWARD'>],adelde01,1,Team.CLEVELAND_CAVALIERS,6
25,6,10,2,4,0,3,7,0,3,1,0,22,DeVaughn Akoon-Purcell,1,4,7,[<Position.SHOOTING_GUARD: 'SHOOTING GUARD'>],akoonde01,2,Team.DENVER_NUGGETS,2
33,194,1319,412,42,107,493,81,81,684,349,10,2687,LaMarcus Aldridge,251,179,1727,[<Position.CENTER: 'CENTER'>],aldrila01,43,Team.SAN_ANTONIO_SPURS,144
21,13,39,12,12,0,15,10,1,13,8,3,120,Rawle Alkins,11,7,37,[<Position.SHOOTING_GUARD: 'SHOOTING GUARD'>],alkinra01,1,Team.CHICAGO_BULLS,8
23,25,178,60,99,6,20,38,2,67,45,32,416,Grayson Allen,3,47,211,[<Position.SHOOTING_GUARD: 'SHOOTING GUARD'>],allengr01,6,Team.UTAH_JAZZ,33
20,110,568,278,45,120,481,80,80,335,197,6,2096,Jarrett Allen,191,184,873,[<Position.CENTER: 'CENTER'>],allenja01,43,Team.BROOKLYN_NETS,103
26,76,141,54,36,4,43,19,1,65,42,17,416,Kadeem Allen,8,46,189,[<Position.SHOOTING_GUARD: 'SHOOTING GUARD'>],allenka01,16,Team.NEW_YORK_KNICKS,26
28,104,593,173,280,33,498,81,81,257,150,96,2292,Al-Farouq Aminu,112,143,760,[<Position.POWER_FORWARD: 'POWER FORWARD'>],aminual01,68,Team.PORTLAND_TRAIL_BLAZERS,72
25,23,157,35,77,13,60,48,4,64,26,24,463,Justin Anderson,24,48,178,[<Position.SMALL_FORWARD: 'SMALL FORWARD'>],anderju01,22,Team.ATLANTA_HAWKS,23
25,128,276,64,34,37,203,43,40,150,37,9,1281,Kyle Anderson,48,112,346,[<Position.SMALL_FORWARD: 'SMALL FORWARD'>],anderky01,54,Team.MEMPHIS_GRIZZLIES,58
30,17,60,14,34,1,31,15,8,19,11,7,278,Ryan Anderson,14,23,56,[<Position.POWER_FORWARD: 'POWER FORWARD'>],anderry01,3,Team.PHOENIX_SUNS,12
30,2,9,2,6,0,5,10,0,2,1,2,44,Ryan Anderson,4,2,7,[<Position.POWER_FORWARD: 'POWER FORWARD'>],anderry01,1,Team.MIAMI_HEAT,2
20,1,3,0,0,1,2,3,0,0,0,0,6,Ike Anigbogu,1,0,0,[<Position.CENTER: 'CENTER'>],anigbik01,0,Team.INDIANA_PACERS,1
24,424,1247,686,203,110,739,72,72,721,500,52,2358,Giannis Antetokounmpo,159,232,1994,[<Position.POWER_FORWARD: 'POWER FORWARD'>],antetgi01,92,Team.MILWAUKEE_BUCKS,268
21,0,3,4,0,0,1,2,0,0,2,0,11,Kostas Antetokounmpo,0,0,2,[<Position.POWER_FORWARD: 'POWER FORWARD'>],antetko01,2,Team.DALLAS_MAVERICKS,1
34,5,121,22,64,7,45,10,2,49,15,21,294,Carmelo Anthony,9,32,134,[<Position.POWER_FORWARD: 'POWER FORWARD'>],anthoca01,4,Team.HOUSTON_ROCKETS,8
21,47,404,62,202,22,139,67,6,183,36,67,1352,OG Anunoby,58,140,469,[<Position.SMALL_FORWARD: 'SMALL FORWARD'>],anunoog01,46,Team.TORONTO_RAPTORS,55
24,269,418,102,217,4,192,81,32,187,89,81,1961,Ryan Arcidiacono,27,171,544,[<Position.POINT_GUARD: 'POINT GUARD'>],arcidry01,65,Team.CHICAGO_BULLS,63
33,87,227,43,139,8,129,26,26,86,36,50,884,Trevor Ariza,16,44,258,[<Position.SMALL_FORWARD: 'SMALL FORWARD'>],arizatr01,38,Team.PHOENIX_SUNS,39
33,165,509,121,295,13,192,43,43,208,94,95,1465,Trevor Ariza,34,86,605,[<Position.SMALL_FORWARD: 'SMALL FORWARD'>],arizatr01,53,Team.WASHINGTON_WIZARDS,67
31,426,677,209,311,4,162,81,81,318,181,131,2269,D.J. Augustin,41,115,948,[<Position.POINT_GUARD: 'POINT GUARD'>],augusdj01,52,Team.ORLANDO_MAGIC,128
20,125,870,189,4,67,506,71,70,509,141,0,2183,Deandre Ayton,223,209,1159,[<Position.CENTER: 'CENTER'>],aytonde01,61,Team.PHOENIX_SUNS,126
23,47,257,46,87,5,81,43,13,122,34,38,759,Dwayne Bacon,8,72,316,[<Position.SHOOTING_GUARD: 'SHOOTING GUARD'>],bacondw01,12,Team.CHARLOTTE_HORNETS,18
19,62,706,262,96,59,309,62,4,356,181,30,1567,Marvin Bagley III,162,120,923,[<Position.POWER_FORWARD: 'POWER FORWARD'>],baglema01,33,Team.SACRAMENTO_KINGS,98
25,13,16,6,9,0,6,11,0,4,5,1,107,Ron Baker,1,16,14,[<Position.SHOOTING_GUARD: 'SHOOTING GUARD'>],bakerro01,5,Team.NEW_YORK_KNICKS,3
25,2,4,0,4,1,4,4,0,0,0,0,45,Ron Baker,0,2,0,[<Position.SHOOTING_GUARD: 'SHOOTING GUARD'>],bakerro01,1,Team.WASHINGTON_WIZARDS,2
22,12,33,11,9,2,13,16,0,10,8,2,94,Wade Baldwin,2,11,30,[<Position.POINT_GUARD: 'POINT GUARD'>],baldwwa01,1,Team.PORTLAND_TRAIL_BLAZERS,14
21,255,456,48,228,19,197,47,45,185,20,75,1423,Lonzo Ball,54,114,465,[<Position.POINT_GUARD: 'POINT GUARD'>],balllo01,69,Team.LOS_ANGELES_LAKERS,103
20,39,243,63,70,64,169,47,1,117,37,21,766,Mo Bamba,64,102,292,[<Position.CENTER: 'CENTER'>],bambamo01,13,Team.ORLANDO_MAGIC,43
34,211,385,78,128,1,82,38,0,161,55,38,752,J.J. Barea,13,50,415,[<Position.POINT_GUARD: 'POINT GUARD'>],bareajo01,22,Team.DALLAS_MAVERICKS,72
26,62,717,198,311,11,171,49,49,290,165,121,1584,Harrison Barnes,36,79,866,[<Position.POWER_FORWARD: 'POWER FORWARD'>],barneha02,33,Team.DALLAS_MAVERICKS,68
26,53,310,80,130,2,133,28,28,141,64,53,949,Harrison Barnes,21,43,399,[<Position.SMALL_FORWARD: 'SMALL FORWARD'>],barneha02,17,Team.SACRAMENTO_KINGS,30
28,124,460,74,196,22,167,43,38,185,57,67,1189,Will Barton,32,82,494,[<Position.SMALL_FORWARD: 'SMALL FORWARD'>],bartowi01,18,Team.DENVER_NUGGETS,65
23,17,142,28,52,14,67,30,3,60,18,13,503,Keita Bates-Diop,16,29,151,[<Position.SMALL_FORWARD: 'SMALL FORWARD'>],bateske01,18,Team.MINNESOTA_TIMBERWOLVES,14
30,247,562,89,298,43,319,75,72,253,77,116,2354,Nicolas Batum,71,140,699,[<Position.SMALL_FORWARD: 'SMALL FORWARD'>],batumni01,71,Team.CHARLOTTE_HORNETS,117
30,119,230,28,98,2,51,34,6,82,16,29,657,Jerryd Bayless,11,56,209,[<Position.POINT_GUARD: 'POINT GUARD'>],bayleje01,18,Team.MINNESOTA_TIMBERWOLVES,32
32,57,223,62,61,34,152,51,18,105,53,21,821,Aron Baynes,88,125,284,[<Position.CENTER: 'CENTER'>],baynear01,12,Team.BOSTON_CELTICS,40
29,152,691,175,300,42,224,67,35,278,127,96,1643,Kent Bazemore,37,170,779,[<Position.SHOOTING_GUARD: 'SHOOTING GUARD'>],bazemke01,89,Team.ATLANTA_HAWKS,121
25,448,1609,448,596,58,322,82,82,764,362,209,3028,Bradley Beal,89,226,2099,[<Position.SHOOTING_GUARD: 'SHOOTING GUARD'>],bealbr01,121,Team.WASHINGTON_WIZARDS,224
22,97,737,66,405,10,165,81,18,349,56,163,1879,Malik Beasley,35,116,917,[<Position.SHOOTING_GUARD: 'SHOOTING GUARD'>],beaslma01,55,Team.DENVER_NUGGETS,55
30,25,153,39,17,10,47,26,2,75,28,3,277,Michael Beasley,13,42,181,[<Position.POWER_FORWARD: 'POWER FORWARD'>],beaslmi01,9,Team.LOS_ANGELES_LAKERS,27
32,132,690,124,395,8,182,79,1,285,112,147,1815,Marco Belinelli,16,121,829,[<Position.SHOOTING_GUARD: 'SHOOTING GUARD'>],belinma01,35,Team.SAN_ANTONIO_SPURS,72
24,76,192,41,2,51,129,68,3,99,25,0,788,Jordan Bell,55,80,223,[<Position.CENTER: 'CENTER'>],belljo01,20,Team.GOLDEN_STATE_WARRIORS,42
24,202,616,136,173,41,304,82,15,275,87,50,1931,DeAndre' Bembry,54,190,687,[<Position.SHOOTING_GUARD: 'SHOOTING GUARD'>],bembrde01,105,Team.ATLANTA_HAWKS,142
21,56,197,54,101,22,149,46,27,88,32,22,826,Dragan Bender,34,90,230,[<Position.POWER_FORWARD: 'POWER FORWARD'>],bendedr01,18,Team.PHOENIX_SUNS,37
29,10,47,0,34,0,7,12,0,12,0,10,167,Dairis Bertāns,2,7,34,[<Position.SHOOTING_GUARD: 'SHOOTING GUARD'>],bertada02,1,Team.NEW_ORLEANS_PELICANS,2
26,100,453,60,338,33,241,76,12,204,53,145,1632,Dāvis Bertāns,23,133,606,[<Position.POWER_FORWARD: 'POWER FORWARD'>],bertada01,35,Team.SAN_ANTONIO_SPURS,43
30,300,477,123,282,43,312,78,49,194,96,112,2137,Patrick Beverley,76,265,596,[<Position.POINT_GUARD: 'POINT GUARD'>],beverpa01,67,Team.LOS_ANGELES_CLIPPERS,85
26,38,151,83,1,29,111,50,1,91,58,0,643,Khem Birch,79,72,240,[<Position.CENTER: 'CENTER'>],birchkh01,18,Team.ORLANDO_MAGIC,20
26,33,156,91,0,41,166,54,32,89,58,0,783,Bismack Biyombo,81,103,236,[<Position.CENTER: 'CENTER'>],biyombi01,11,Team.CHARLOTTE_HORNETS,34
30,147,593,92,257,56,319,77,70,284,70,103,1788,Nemanja Bjelica,125,197,741,[<Position.POWER_FORWARD: 'POWER FORWARD'>],bjeline01,54,Team.SACRAMENTO_KINGS,82
22,42,396,76,91,9,99,57,3,166,50,36,829,Antonio Blakeney,7,41,418,[<Position.SHOOTING_GUARD: 'SHOOTING GUARD'>],blakean01,12,Team.CHICAGO_BULLS,35
29,430,971,236,377,29,280,78,78,470,177,124,2272,Eric Bledsoe,82,156,1241,[<Position.POINT_GUARD: 'POINT GUARD'>],bledser01,116,Team.MILWAUKEE_BUCKS,165
25,13,106,13,39,8,72,27,4,47,10,10,439,Jaron Blossomgame,26,20,114,[<Position.SMALL_FORWARD: 'SMALL FORWARD'>],blossja01,7,Team.CLEVELAND_CAVALIERS,11
26,267,863,162,372,15,203,70,17,361,134,134,1947,Bogdan Bogdanović,40,142,990,[<Position.SHOOTING_GUARD: 'SHOOTING GUARD'>],bogdabo01,72,Team.SACRAMENTO_KINGS,117
29,161,1051,305,386,1,300,81,81,522,246,164,2573,Bojan Bogdanović,33,138,1454,[<Position.SMALL_FORWARD: 'SMALL FORWARD'>],bogdabo02,69,Team.INDIANA_PACERS,134
34,11,36,3,0,8,43,11,5,18,3,0,134,Andrew Bogut,12,22,39,[<Position.CENTER: 'CENTER'>],bogutan01,3,Team.GOLDEN_STATE_WARRIORS,8
23,40,162,27,96,39,118,44,10,80,13,34,639,Jonah Bolden,47,99,207,[<Position.POWER_FORWARD: 'POWER FORWARD'>],boldejo01,17,Team.PHILADELPHIA_76ERS,36
19,15,33,15,8,4,16,22,0,5,9,0,120,Isaac Bonga,9,9,19,[<Position.POINT_GUARD: 'POINT GUARD'>],bongais01,9,Team.LOS_ANGELES_LAKERS,6
22,433,1255,454,414,13,226,64,64,586,393,135,2242,Devin Booker,39,200,1700,[<Position.SHOOTING_GUARD: 'SHOOTING GUARD'>],bookede01,56,Team.PHOENIX_SUNS,264
26,2,76,15,37,24,40,28,0,34,13,12,163,Chris Boucher,16,31,93,[<Position.POWER_FORWARD: 'POWER FORWARD'>],bouchch01,6,Team.TORONTO_RAPTORS,7
28,96,420,25,172,16,96,49,49,161,20,58,1463,Avery Bradley,35,133,400,[<Position.SHOOTING_GUARD: 'SHOOTING GUARD'>],bradlav01,27,Team.LOS_ANGELES_CLIPPERS,61
28,56,188,25,73,0,36,14,14,87,23,28,442,Avery Bradley,8,34,225,[<Position.SHOOTING_GUARD: 'SHOOTING GUARD'>],bradlav01,14,Team.MEMPHIS_GRIZZLIES,28
21,1,16,2,0,2,6,3,0,8,1,0,36,Tony Bradley,9,6,17,[<Position.CENTER: 'CENTER'>],bradlto01,2,Team.UTAH_JAZZ,3
32,10,49,13,14,2,13,7,3,20,9,4,140,Corey Brewer,4,16,53,[<Position.SMALL_FORWARD: 'SMALL FORWARD'>],breweco01,12,Team.PHILADELPHIA_76ERS,8
32,29,74,30,30,5,37,24,0,33,22,10,352,Corey Brewer,22,47,98,[<Position.SMALL_FORWARD: 'SMALL FORWARD'>],breweco01,20,Team.SACRAMENTO_KINGS,11
22,173,563,118,313,38,208,82,56,242,95,105,2417,Mikal Bridges,56,201,684,[<Position.SMALL_FORWARD: 'SMALL FORWARD'>],bridgmi01,129,Team.PHOENIX_SUNS,70
20,95,511,77,200,49,256,80,25,237,58,65,1696,Miles Bridges,67,111,597,[<Position.SMALL_FORWARD: 'SMALL FORWARD'>],bridgmi02,55,Team.CHARLOTTE_HORNETS,50
22,87,138,26,34,2,69,39,0,55,15,11,559,Isaiah Briscoe,5,66,136,[<Position.POINT_GUARD: 'POINT GUARD'>],briscis01,11,Team.ORLANDO_MAGIC,31
28,22,126,19,93,4,55,42,0,57,15,38,453,Ryan Broekhoff,8,35,167,[<Position.SHOOTING_GUARD: 'SHOOTING GUARD'>],broekry01,6,Team.DALLAS_MAVERICKS,16
26,205,748,152,244,13,223,64,64,378,141,104,1832,Malcolm Brogdon,65,102,1001,[<Position.SHOOTING_GUARD: 'SHOOTING GUARD'>],brogdma01,46,Team.MILWAUKEE_BUCKS,91
23,16,122,30,40,4,22,18,0,49,22,15,330,Dillon Brooks,9,50,135,[<Position.SMALL_FORWARD: 'SMALL FORWARD'>],brookdi01,10,Team.MEMPHIS_GRIZZLIES,19
30,25,169,33,54,4,33,29,0,76,23,15,387,MarShon Brooks,12,33,190,[<Position.SHOOTING_GUARD: 'SHOOTING GUARD'>],brookma01,9,Team.MEMPHIS_GRIZZLIES,21
22,91,314,60,93,36,137,74,56,125,45,24,1449,Bruce Brown,48,178,319,[<Position.SHOOTING_GUARD: 'SHOOTING GUARD'>],brownbr01,40,Team.DETROIT_PISTONS,46
22,100,792,202,276,32,248,74,25,368,133,95,1913,Jaylen Brown,65,186,964,[<Position.SHOOTING_GUARD: 'SHOOTING GUARD'>],brownja02,69,Team.BOSTON_CELTICS,99
28,28,71,3,28,5,26,26,0,23,3,6,212,Lorenzo Brown,5,22,55,[<Position.POINT_GUARD: 'POINT GUARD'>],brownlo01,12,Team.TORONTO_RAPTORS,16
23,84,312,42,147,8,155,58,7,145,29,53,1034,Sterling Brown,29,88,372,[<Position.SHOOTING_GUARD: 'SHOOTING GUARD'>],brownst02,25,Team.MILWAUKEE_BUCKS,46
19,80,234,47,69,5,110,52,10,97,32,22,730,Troy Brown Jr.,35,56,248,[<Position.SMALL_FORWARD: 'SMALL FORWARD'>],browntr01,21,Team.WASHINGTON_WIZARDS,30
22,230,565,120,181,4,144,73,38,264,87,63,1591,Jalen Brunson,25,127,678,[<Position.POINT_GUARD: 'POINT GUARD'>],brunsja01,37,Team.DALLAS_MAVERICKS,88
21,92,502,137,99,67,341,72,53,309,107,33,1496,Thomas Bryant,113,126,758,[<Position.CENTER: 'CENTER'>],bryanth01,25,Team.WASHINGTON_WIZARDS,60
27,109,441,64,294,5,103,44,44,182,56,114,1355,Reggie Bullock,20,79,534,[<Position.SHOOTING_GUARD: 'SHOOTING GUARD'>],bullore01,24,Team.DETROIT_PISTONS,54
27,20,153,21,99,7,48,19,16,63,17,34,524,Reggie Bullock,2,30,177,[<Position.SHOOTING_GUARD: 'SHOOTING GUARD'>],bullore01,16,Team.LOS_ANGELES_LAKERS,11
26,94,358,75,86,5,47,33,7,148,62,30,689,Trey Burke,15,33,388,[<Position.POINT_GUARD: 'POINT GUARD'>],burketr01,21,Team.NEW_YORK_KNICKS,29
26,65,190,49,73,2,24,25,1,88,41,26,436,Trey Burke,13,25,243,[<Position.POINT_GUARD: 'POINT GUARD'>],burketr01,12,Team.DALLAS_MAVERICKS,20
27,20,114,38,43,4,25,17,0,47,33,16,269,Alec Burks,2,22,143,[<Position.SHOOTING_GUARD: 'SHOOTING GUARD'>],burksal01,6,Team.UTAH_JAZZ,15
27,98,340,98,119,16,160,34,24,136,79,45,979,Alec Burks,26,62,396,[<Position.SHOOTING_GUARD: 'SHOOTING GUARD'>],burksal01,25,Team.CLEVELAND_CAVALIERS,46
27,10,20,5,6,1,20,13,0,9,4,0,127,Alec Burks,2,7,22,[<Position.SHOOTING_GUARD: 'SHOOTING GUARD'>],burksal01,8,Team.SACRAMENTO_KINGS,4
25,9,82,12,27,8,24,32,0,33,8,8,240,Deonte Burton,4,31,82,[<Position.SHOOTING_GUARD: 'SHOOTING GUARD'>],burtode02,6,Team.OKLAHOMA_CITY_THUNDER,9
29,43,157,61,45,10,36,10,10,74,48,17,361,Jimmy Butler,16,18,213,[<Position.SHOOTING_GUARD: 'SHOOTING GUARD'>],butleji01,24,Team.MINNESOTA_TIMBERWOLVES,14
29,220,747,304,148,29,185,55,55,344,264,50,1824,Jimmy Butler,105,93,1002,[<Position.SMALL_FORWARD: 'SMALL FORWARD'>],butleji01,99,Team.PHILADELPHIA_76ERS,81
23,50,225,50,130,33,116,34,19,96,42,48,800,Bruno Caboclo,42,81,282,[<Position.SMALL_FORWARD: 'SMALL FORWARD'>],cabocbr01,14,Team.MEMPHIS_GRIZZLIES,38
37,115,120,11,57,3,49,49,0,45,9,14,632,José Calderón,11,64,113,[<Position.POINT_GUARD: 'POINT GUARD'>],caldejo01,16,Team.DETROIT_PISTONS,35
25,110,756,158,435,13,190,82,23,325,137,151,2035,Kentavious Caldwell-Pope,48,137,938,[<Position.SHOOTING_GUARD: 'SHOOTING GUARD'>],caldwke01,73,Team.LOS_ANGELES_LAKERS,65
27,62,129,20,72,0,44,19,15,51,15,25,503,Isaiah Canaan,5,46,142,[<Position.POINT_GUARD: 'POINT GUARD'>],canaais01,12,Team.PHOENIX_SUNS,29
27,19,29,4,19,1,5,7,1,11,4,7,95,Isaiah Canaan,0,4,33,[<Position.POINT_GUARD: 'POINT GUARD'>],canaais01,2,Team.MINNESOTA_TIMBERWOLVES,4
27,3,6,0,5,1,3,4,0,2,0,2,31,Isaiah Canaan,1,2,6,[<Position.POINT_GUARD: 'POINT GUARD'>],canaais01,0,Team.MILWAUKEE_BUCKS,2
24,96,732,261,0,102,550,67,67,474,166,0,2249,Clint Capela,298,168,1114,[<Position.CENTER: 'CENTER'>],capelca01,44,Team.HOUSTON_ROCKETS,94
32,85,575,242,310,10,281,67,8,227,184,106,1703,DeMarre Carroll,68,114,744,[<Position.POWER_FORWARD: 'POWER FORWARD'>],carrode01,31,Team.BROOKLYN_NETS,73
23,69,185,32,102,11,52,39,3,56,26,34,577,Jevon Carter,14,55,172,[<Position.POINT_GUARD: 'POINT GUARD'>],carteje01,26,Team.MEMPHIS_GRIZZLIES,33
42,87,468,66,316,27,163,76,9,196,47,123,1330,Vince Carter,31,141,562,[<Position.POWER_FORWARD: 'POWER FORWARD'>],cartevi01,44,Team.ATLANTA_HAWKS,48
19,78,371,112,32,58,220,44,44,180,89,6,1110,Wendell Carter Jr.,87,152,455,[<Position.CENTER: 'CENTER'>],cartewe01,26,Team.CHICAGO_BULLS,65
27,21,61,26,19,6,10,16,1,25,12,7,145,Michael Carter-Williams,3,27,69,[<Position.POINT_GUARD: 'POINT GUARD'>],cartemi01,9,Team.HOUSTON_ROCKETS,10
27,49,62,27,19,9,41,12,0,21,20,3,227,Michael Carter-Williams,16,21,65,[<Position.POINT_GUARD: 'POINT GUARD'>],cartemi01,11,Team.ORLANDO_MAGIC,10
24,77,173,64,50,9,47,25,4,77,51,24,531,Alex Caruso,20,54,229,[<Position.POINT_GUARD: 'POINT GUARD'>],carusal01,24,Team.LOS_ANGELES_LAKERS,42
30,26,161,58,43,9,98,36,0,86,39,15,520,Omri Casspi,17,35,226,[<Position.SMALL_FORWARD: 'SMALL FORWARD'>],casspom01,20,Team.MEMPHIS_GRIZZLIES,23
25,194,741,254,2,51,497,81,81,412,140,1,2213,Willie Cauley-Stein,181,227,965,[<Position.CENTER: 'CENTER'>],caulewi01,96,Team.SACRAMENTO_KINGS,84
23,4,8,0,3,0,2,4,0,4,0,2,16,Troy Caupain,1,0,10,[<Position.POINT_GUARD: 'POINT GUARD'>],caupatr01,1,Team.ORLANDO_MAGIC,0
24,1,10,2,5,0,5,11,0,3,2,1,39,Tyler Cavanaugh,3,3,9,[<Position.POWER_FORWARD: 'POWER FORWARD'>],cavanty01,0,Team.UTAH_JAZZ,1
36,6,12,18,0,1,32,7,0,8,10,0,89,Tyson Chandler,7,21,26,[<Position.CENTER: 'CENTER'>],chandty01,2,Team.PHOENIX_SUNS,7
36,31,87,69,1,22,183,48,6,53,41,0,786,Tyson Chandler,85,89,147,[<Position.CENTER: 'CENTER'>],chandty01,19,Team.LOS_ANGELES_LAKERS,35
31,72,207,18,118,18,124,36,32,91,13,46,951,Wilson Chandler,44,94,241,[<Position.POWER_FORWARD: 'POWER FORWARD'>],chandwi01,22,Team.PHILADELPHIA_76ERS,39
31,10,66,7,40,3,43,15,1,23,5,13,226,Wilson Chandler,4,29,64,[<Position.SMALL_FORWARD: 'SMALL FORWARD'>],chandwi01,3,Team.LOS_ANGELES_CLIPPERS,7
23,1,3,0,0,0,0,1,0,1,0,0,8,Joe Chealey,0,1,2,[<Position.POINT_GUARD: 'POINT GUARD'>],chealjo01,0,Team.CHARLOTTE_HORNETS,0
23,4,8,0,5,1,3,7,0,2,0,2,33,Chris Chiozza,1,2,6,[<Position.POINT_GUARD: 'POINT GUARD'>],chiozch01,1,Team.HOUSTON_ROCKETS,1
21,6,34,7,15,4,21,16,0,11,6,1,104,Marquese Chriss,7,17,29,[<Position.POWER_FORWARD: 'POWER FORWARD'>],chrisma01,2,Team.HOUSTON_ROCKETS,12
21,16,146,38,57,7,81,27,2,56,26,15,395,Marquese Chriss,33,64,153,[<Position.POWER_FORWARD: 'POWER FORWARD'>],chrisma01,15,Team.CLEVELAND_CAVALIERS,24
24,18,151,7,138,26,92,51,2,50,7,41,641,Gary Clark,24,47,148,[<Position.POWER_FORWARD: 'POWER FORWARD'>],clarkga01,20,Team.HOUSTON_ROCKETS,7
27,94,383,37,202,8,76,60,6,151,33,66,973,Ian Clark,13,95,401,[<Position.SHOOTING_GUARD: 'SHOOTING GUARD'>],clarkia01,22,Team.NEW_ORLEANS_PELICANS,58
26,196,1180,192,445,13,188,81,0,529,162,144,2214,Jordan Clarkson,82,112,1364,[<Position.SHOOTING_GUARD: 'SHOOTING GUARD'>],clarkjo01,57,Team.CLEVELAND_CAVALIERS,135
21,121,831,266,158,39,376,61,59,465,203,55,1829,John Collins,219,199,1188,[<Position.POWER_FORWARD: 'POWER FORWARD'>],collijo01,22,Team.ATLANTA_HAWKS,120
21,71,400,126,121,66,215,77,0,189,94,40,1356,Zach Collins,109,174,512,[<Position.CENTER: 'CENTER'>],colliza01,25,Team.PORTLAND_TRAIL_BLAZERS,77
31,459,659,190,194,9,196,76,76,308,158,79,2143,Darren Collison,36,138,853,[<Position.POINT_GUARD: 'POINT GUARD'>],collida01,110,Team.INDIANA_PACERS,125
23,3,39,9,21,1,22,8,2,13,8,5,98,Bonzie Colson,8,3,39,[<Position.SMALL_FORWARD: 'SMALL FORWARD'>],colsobo01,5,Team.MILWAUKEE_BUCKS,3
31,449,1120,406,426,22,199,70,70,490,343,155,2342,Mike Conley,40,123,1478,[<Position.POINT_GUARD: 'POINT GUARD'>],conlemi01,94,Team.MEMPHIS_GRIZZLIES,130
26,122,350,40,200,25,197,61,2,163,29,66,1261,Pat Connaughton,61,81,421,[<Position.SHOOTING_GUARD: 'SHOOTING GUARD'>],connapa01,33,Team.MILWAUKEE_BUCKS,33
25,116,439,26,200,3,135,74,10,204,20,81,1059,Quinn Cook,22,92,509,[<Position.POINT_GUARD: 'POINT GUARD'>],cookqu01,20,Team.GOLDEN_STATE_WARRIORS,50
28,107,371,144,95,44,204,30,30,178,106,26,771,DeMarcus Cousins,43,109,488,[<Position.CENTER: 'CENTER'>],couside01,40,Team.GOLDEN_STATE_WARRIORS,72
28,14,117,23,77,23,60,13,13,50,17,30,440,Robert Covington,7,45,147,[<Position.SMALL_FORWARD: 'SMALL FORWARD'>],covinro01,24,Team.PHILADELPHIA_76ERS,22
28,32,245,66,148,24,105,22,22,106,51,55,763,Robert Covington,21,81,318,[<Position.SMALL_FORWARD: 'SMALL FORWARD'>],covinro01,50,Team.MINNESOTA_TIMBERWOLVES,25
26,46,373,56,259,13,132,43,20,137,41,98,1133,Allen Crabbe,16,102,413,[<Position.SHOOTING_GUARD: 'SHOOTING GUARD'>],crabbal01,23,Team.BROOKLYN_NETS,46
28,72,362,70,188,46,174,75,37,160,49,61,1503,Torrey Craig,89,175,430,[<Position.SMALL_FORWARD: 'SMALL FORWARD'>],craigto01,37,Team.DENVER_NUGGETS,44
38,229,438,110,202,12,77,64,0,174,93,67,1211,Jamal Crawford,8,75,508,[<Position.SHOOTING_GUARD: 'SHOOTING GUARD'>],crawfja01,33,Team.PHOENIX_SUNS,99
26,5,10,7,1,0,5,4,0,5,5,0,36,Mitch Creek,5,3,15,[<Position.SMALL_FORWARD: 'SMALL FORWARD'>],creekmi01,1,Team.BROOKLYN_NETS,0
26,1,6,0,1,0,1,1,0,3,0,0,12,Mitch Creek,1,0,6,[<Position.SMALL_FORWARD: 'SMALL FORWARD'>],creekmi01,1,Team.MINNESOTA_TIMBERWOLVES,1
28,133,797,197,522,31,324,80,11,318,142,173,2166,Jae Crowder,60,170,951,[<Position.SMALL_FORWARD: 'SMALL FORWARD'>],crowdja01,64,Team.UTAH_JAZZ,85
31,50,158,18,65,13,140,64,21,75,14,30,928,Dante Cunningham,48,71,194,[<Position.POWER_FORWARD: 'POWER FORWARD'>],cunnida01,27,Team.SAN_ANTONIO_SPURS,22
28,66,465,52,251,12,93,74,2,212,44,113,1399,Seth Curry,27,97,581,[<Position.SHOOTING_GUARD: 'SHOOTING GUARD'>],curryse01,36,Team.PORTLAND_TRAIL_BLAZERS,61
30,361,1340,287,810,25,324,69,69,632,263,354,2331,Stephen Curry,45,166,1881,[<Position.POINT_GUARD: 'POINT GUARD'>],curryst01,92,Team.GOLDEN_STATE_WARRIORS,192
27,26,275,23,194,5,60,51,1,113,18,74,760,Troy Daniels,13,79,318,[<Position.SHOOTING_GUARD: 'SHOOTING GUARD'>],danietr01,26,Team.PHOENIX_SUNS,27
25,218,1026,433,145,135,498,56,56,530,344,48,1850,Anthony Davis,174,132,1452,[<Position.CENTER: 'CENTER'>],davisan02,88,Team.NEW_ORLEANS_PELICANS,112
22,5,22,10,1,5,26,9,0,15,6,0,118,Deyonta Davis,10,12,36,[<Position.CENTER: 'CENTER'>],davisde01,3,Team.ATLANTA_HAWKS,3
29,61,302,162,2,33,478,81,1,186,100,0,1446,Ed Davis,216,226,472,[<Position.CENTER: 'CENTER'>],davised01,35,Team.BROOKLYN_NETS,64
21,0,1,0,0,0,0,1,0,0,0,0,1,Tyler Davis,1,0,0,[<Position.CENTER: 'CENTER'>],davisty01,0,Team.OKLAHOMA_CITY_THUNDER,0
29,90,526,113,217,71,375,64,52,259,92,83,1609,Dewayne Dedmon,105,214,693,[<Position.CENTER: 'CENTER'>],dedmode01,69,Team.ATLANTA_HAWKS,84
24,9,48,10,13,0,24,9,5,22,8,5,169,Sam Dekker,9,13,57,[<Position.POWER_FORWARD: 'POWER FORWARD'>],dekkesa01,11,Team.CLEVELAND_CAVALIERS,5
24,37,208,36,49,7,71,38,0,98,20,14,619,Sam Dekker,44,34,230,[<Position.POWER_FORWARD: 'POWER FORWARD'>],dekkesa01,27,Team.WASHINGTON_WIZARDS,19
24,0,5,2,0,0,2,2,0,1,1,0,15,Ángel Delgado,2,2,3,[<Position.CENTER: 'CENTER'>],delgaan01,1,Team.LOS_ANGELES_CLIPPERS,0
28,29,19,4,11,0,10,12,0,6,4,4,97,Matthew Dellavedova,0,9,20,[<Position.POINT_GUARD: 'POINT GUARD'>],dellama01,2,Team.MILWAUKEE_BUCKS,11
28,152,223,48,119,2,61,36,0,92,38,40,715,Matthew Dellavedova,6,66,262,[<Position.POINT_GUARD: 'POINT GUARD'>],dellama01,12,Team.CLEVELAND_CAVALIERS,57
33,18,118,35,44,8,53,22,2,59,25,14,392,Luol Deng,20,24,157,[<Position.SMALL_FORWARD: 'SMALL FORWARD'>],denglu01,15,Team.MINNESOTA_TIMBERWOLVES,14
29,475,1313,441,45,36,408,77,77,631,366,7,2688,DeMar DeRozan,54,177,1635,[<Position.SHOOTING_GUARD: 'SHOOTING GUARD'>],derozde01,86,Team.SAN_ANTONIO_SPURS,199
22,1,33,5,20,1,5,11,0,16,4,10,67,Marcus Derrickson,8,9,46,[<Position.POWER_FORWARD: 'POWER FORWARD'>],derrima01,0,Team.GOLDEN_STATE_WARRIORS,3
22,33,271,67,4,33,257,64,1,168,50,1,896,Cheick Diallo,75,113,387,[<Position.POWER_FORWARD: 'POWER FORWARD'>],diallch01,29,Team.NEW_ORLEANS_PELICANS,49
20,17,165,59,24,10,59,51,3,75,36,4,526,Hamidou Diallo,38,77,190,[<Position.SHOOTING_GUARD: 'SHOOTING GUARD'>],diallha01,21,Team.OKLAHOMA_CITY_THUNDER,23
29,72,377,106,56,41,230,76,2,189,88,19,1031,Gorgui Dieng,81,134,485,[<Position.CENTER: 'CENTER'>],dienggo01,48,Team.MINNESOTA_TIMBERWOLVES,57
25,311,828,356,370,17,140,68,4,366,287,124,1914,Spencer Dinwiddie,26,187,1143,[<Position.POINT_GUARD: 'POINT GUARD'>],dinwisp01,40,Team.BROOKLYN_NETS,152
22,31,124,12,83,6,49,27,0,50,9,22,411,Donte DiVincenzo,16,38,131,[<Position.SHOOTING_GUARD: 'SHOOTING GUARD'>],divindo01,13,Team.MILWAUKEE_BUCKS,19
19,429,1186,485,514,25,477,72,72,506,346,168,2318,Luka Dončić,86,137,1526,[<Position.SHOOTING_GUARD: 'SHOOTING GUARD'>],doncilu01,77,Team.DALLAS_MAVERICKS,247
22,17,89,26,39,1,34,27,0,32,16,10,251,Tyler Dorsey,9,20,90,[<Position.SHOOTING_GUARD: 'SHOOTING GUARD'>],dorsety01,7,Team.ATLANTA_HAWKS,10
22,39,175,35,93,1,52,21,11,75,22,34,447,Tyler Dorsey,18,33,206,[<Position.SHOOTING_GUARD: 'SHOOTING GUARD'>],dorsety01,7,Team.MEMPHIS_GRIZZLIES,17
24,135,698,98,342,10,228,73,40,290,73,126,2004,Damyean Dotson,34,135,779,[<Position.SHOOTING_GUARD: 'SHOOTING GUARD'>],dotsoda01,58,Team.NEW_YORK_KNICKS,71
22,5,21,2,8,0,11,6,0,8,1,2,51,PJ Dozier,6,2,19,[<Position.SHOOTING_GUARD: 'SHOOTING GUARD'>],doziepj01,2,Team.BOSTON_CELTICS,0
32,174,433,101,164,5,91,36,22,179,79,57,991,Goran Dragić,20,81,494,[<Position.POINT_GUARD: 'POINT GUARD'>],dragigo01,30,Team.MIAMI_HEAT,71
25,112,1052,412,38,138,809,79,79,561,243,5,2647,Andre Drummond,423,272,1370,[<Position.CENTER: 'CENTER'>],drumman01,136,Team.DETROIT_PISTONS,175
33,83,239,46,151,16,121,59,25,101,32,53,1220,Jared Dudley,34,131,287,[<Position.POWER_FORWARD: 'POWER FORWARD'>],dudleja01,36,Team.BROOKLYN_NETS,43
24,277,506,69,96,21,168,46,44,215,55,34,1389,Kris Dunn,19,166,519,[<Position.POINT_GUARD: 'POINT GUARD'>],dunnkr01,68,Team.CHICAGO_BULLS,104
30,457,1383,506,388,84,464,78,78,721,448,137,2702,Kevin Durant,33,155,2027,[<Position.SMALL_FORWARD: 'SMALL FORWARD'>],duranke01,58,Team.GOLDEN_STATE_WARRIORS,225
20,2,3,0,1,0,1,3,0,2,0,1,6,Trevon Duval,0,0,5,[<Position.POINT_GUARD: 'POINT GUARD'>],duvaltr01,0,Team.MILWAUKEE_BUCKS,0
22,0,4,0,4,0,1,2,0,1,0,1,16,Vince Edwards,1,0,3,[<Position.SMALL_FORWARD: 'SMALL FORWARD'>],edwarvi01,0,Team.HOUSTON_ROCKETS,0
22,1,10,2,4,0,9,2,0,4,2,2,25,Henry Ellenson,0,2,12,[<Position.POWER_FORWARD: 'POWER FORWARD'>],ellenhe01,0,Team.DETROIT_PISTONS,0
22,15,85,23,34,2,52,17,0,35,17,15,234,Henry Ellenson,5,25,102,[<Position.POWER_FORWARD: 'POWER FORWARD'>],ellenhe01,7,Team.NEW_YORK_KNICKS,9
31,29,184,16,155,3,41,25,12,69,14,57,533,Wayne Ellington,6,40,209,[<Position.SHOOTING_GUARD: 'SHOOTING GUARD'>],ellinwa01,24,Team.MIAMI_HEAT,14
31,43,273,33,217,3,52,28,26,115,25,81,764,Wayne Ellington,8,52,336,[<Position.SHOOTING_GUARD: 'SHOOTING GUARD'>],ellinwa01,30,Team.DETROIT_PISTONS,26
24,234,1199,649,263,122,711,64,64,580,522,79,2154,Joel Embiid,160,211,1761,[<Position.CENTER: 'CENTER'>],embiijo01,46,Team.PHILADELPHIA_76ERS,226
28,27,211,58,120,16,80,40,25,104,42,44,949,James Ennis,37,111,294,[<Position.SMALL_FORWARD: 'SMALL FORWARD'>],ennisja01,38,Team.HOUSTON_ROCKETS,23
28,14,83,23,36,7,42,18,2,34,16,11,281,James Ennis,23,39,95,[<Position.SMALL_FORWARD: 'SMALL FORWARD'>],ennisja01,3,Team.PHILADELPHIA_76ERS,11
21,7,26,13,0,5,28,23,0,15,11,0,113,Drew Eubanks,6,11,41,[<Position.POWER_FORWARD: 'POWER FORWARD'>],eubandr01,2,Team.SAN_ANTONIO_SPURS,8
21,23,53,1,15,3,19,30,1,18,0,4,204,Jacob Evans,6,28,40,[<Position.SHOOTING_GUARD: 'SHOOTING GUARD'>],evansja02,5,Team.GOLDEN_STATE_WARRIORS,11
22,10,13,0,2,0,11,7,0,3,0,0,64,Jawun Evans,1,8,6,[<Position.POINT_GUARD: 'POINT GUARD'>],evansja01,3,Team.PHOENIX_SUNS,6
22,0,1,0,1,0,0,1,0,0,0,0,1,Jawun Evans,0,0,0,[<Position.POINT_GUARD: 'POINT GUARD'>],evansja01,0,Team.OKLAHOMA_CITY_THUNDER,0
29,166,660,160,216,18,168,69,18,257,115,77,1402,Tyreke Evans,33,117,706,[<Position.SHOOTING_GUARD: 'SHOOTING GUARD'>],evansty01,58,Team.INDIANA_PACERS,118
23,110,241,86,62,5,52,42,1,101,68,18,664,Dante Exum,16,69,288,[<Position.POINT_GUARD: 'POINT GUARD'>],exumda01,14,Team.UTAH_JAZZ,52
29,2,42,16,5,4,29,12,0,25,10,1,118,Kenneth Faried,15,8,61,[<Position.CENTER: 'CENTER'>],farieke01,2,Team.BROOKLYN_NETS,6
29,18,223,83,20,19,124,25,13,131,54,7,610,Kenneth Faried,82,74,323,[<Position.CENTER: 'CENTER'>],farieke01,15,Team.HOUSTON_ROCKETS,27
27,89,619,228,78,106,353,76,70,363,154,17,1766,Derrick Favors,207,163,897,[<Position.CENTER: 'CENTER'>],favorde01,56,Team.UTAH_JAZZ,84
26,37,179,73,4,7,139,60,0,95,50,0,746,Cristiano Felício,79,69,240,[<Position.CENTER: 'CENTER'>],feliccr01,11,Team.CHICAGO_BULLS,33
34,52,135,13,61,6,30,33,0,55,12,20,379,Raymond Felton,4,29,142,[<Position.POINT_GUARD: 'POINT GUARD'>],feltora01,10,Team.OKLAHOMA_CITY_THUNDER,14
20,72,431,51,290,16,108,74,74,185,37,106,1931,Terrance Ferguson,33,231,513,[<Position.SHOOTING_GUARD: 'SHOOTING GUARD'>],fergute01,40,Team.OKLAHOMA_CITY_THUNDER,47
25,137,352,67,149,4,96,71,3,153,60,54,1067,Yogi Ferrell,13,64,420,[<Position.POINT_GUARD: 'POINT GUARD'>],ferreyo01,36,Team.SACRAMENTO_KINGS,40
25,95,528,103,254,36,251,81,26,228,73,79,1985,Dorian Finney-Smith,138,186,608,[<Position.SMALL_FORWARD: 'SMALL FORWARD'>],finnedo01,69,Team.DALLAS_MAVERICKS,74
25,175,791,78,413,4,221,82,81,361,69,176,2293,Bryn Forbes,18,159,967,[<Position.SHOOTING_GUARD: 'SHOOTING GUARD'>],forbebr01,45,Team.SAN_ANTONIO_SPURS,80
26,295,1069,170,450,12,220,81,81,468,137,153,2553,Evan Fournier,38,225,1226,[<Position.SHOOTING_GUARD: 'SHOOTING GUARD'>],fournev01,71,Team.ORLANDO_MAGIC,154
21,590,1102,417,232,45,261,81,81,505,303,86,2546,De'Aaron Fox,43,204,1399,[<Position.POINT_GUARD: 'POINT GUARD'>],foxde01,133,Team.SACRAMENTO_KINGS,227
22,1,21,4,6,0,2,10,0,7,1,0,44,Melvin Frazier,3,6,15,[<Position.SHOOTING_GUARD: 'SHOOTING GUARD'>],frazime01,1,Team.ORLANDO_MAGIC,1
28,206,195,41,77,4,105,47,17,88,32,27,909,Tim Frazier,32,93,235,[<Position.POINT_GUARD: 'POINT GUARD'>],fraziti01,25,Team.NEW_ORLEANS_PELICANS,60
28,42,66,13,24,1,22,12,2,28,9,10,211,Tim Frazier,9,19,75,[<Position.POINT_GUARD: 'POINT GUARD'>],fraziti01,5,Team.MILWAUKEE_BUCKS,16
29,8,29,6,13,0,6,6,0,8,6,0,65,Jimmer Fredette,1,5,22,[<Position.SHOOTING_GUARD: 'SHOOTING GUARD'>],fredeji01,3,Team.PHOENIX_SUNS,5
35,20,117,14,79,5,48,36,6,43,11,32,341,Channing Frye,4,44,129,[<Position.CENTER: 'CENTER'>],fryech01,6,Team.CLEVELAND_CAVALIERS,13
20,59,155,37,14,5,44,19,15,65,21,4,427,Markelle Fultz,26,52,155,[<Position.SHOOTING_GUARD: 'SHOOTING GUARD'>],fultzma01,17,Team.PHILADELPHIA_76ERS,25
30,178,884,406,372,23,363,68,68,409,367,161,2059,Danilo Gallinari,54,129,1346,[<Position.SMALL_FORWARD: 'SMALL FORWARD'>],gallida01,49,Team.LOS_ANGELES_CLIPPERS,99
27,85,587,96,380,8,122,80,4,228,81,135,1745,Langston Galloway,49,135,672,[<Position.SHOOTING_GUARD: 'SHOOTING GUARD'>],gallola01,37,Team.DETROIT_PISTONS,24
24,7,27,4,8,1,3,4,0,11,4,0,63,Billy Garrett,0,3,26,[<Position.SHOOTING_GUARD: 'SHOOTING GUARD'>],garrebi01,1,Team.NEW_YORK_KNICKS,2
34,248,683,201,221,63,399,53,53,303,152,76,1788,Marc Gasol,56,147,834,[<Position.CENTER: 'CENTER'>],gasolma01,60,Team.MEMPHIS_GRIZZLIES,119
34,101,187,52,52,23,148,26,19,87,40,23,648,Marc Gasol,24,70,237,[<Position.CENTER: 'CENTER'>],gasolma01,24,Team.TORONTO_RAPTORS,36
38,50,88,38,10,14,105,27,6,41,27,5,330,Pau Gasol,22,28,114,[<Position.CENTER: 'CENTER'>],gasolpa01,5,Team.SAN_ANTONIO_SPURS,14
38,2,6,2,3,1,10,3,0,1,1,1,30,Pau Gasol,0,1,4,[<Position.CENTER: 'CENTER'>],gasolpa01,0,Team.MILWAUKEE_BUCKS,2
32,182,746,147,184,34,407,69,51,376,120,74,1842,Rudy Gay,63,159,946,[<Position.POWER_FORWARD: 'POWER FORWARD'>],gayru01,54,Team.SAN_ANTONIO_SPURS,114
28,318,1614,540,757,34,523,77,77,707,453,292,2841,Paul George,105,214,2159,[<Position.SMALL_FORWARD: 'SMALL FORWARD'>],georgpa01,170,Team.OKLAHOMA_CITY_THUNDER,205
33,84,537,177,34,39,286,70,57,304,134,11,1686,Taj Gibson,172,186,753,[<Position.POWER_FORWARD: 'POWER FORWARD'>],gibsota01,53,Team.MINNESOTA_TIMBERWOLVES,73
20,85,348,91,6,22,156,58,0,175,58,0,820,Harry Giles,66,150,408,[<Position.POWER_FORWARD: 'POWER FORWARD'>],gilesha01,31,Team.SACRAMENTO_KINGS,73
20,270,716,195,139,45,175,82,73,341,156,51,2174,Shai Gilgeous-Alexander,57,175,889,[<Position.POINT_GUARD: 'POINT GUARD'>],gilgesh01,96,Team.LOS_ANGELES_CLIPPERS,141
26,161,712,522,0,187,732,81,80,476,332,0,2577,Rudy Gobert,309,231,1284,[<Position.CENTER: 'CENTER'>],goberru01,66,Team.UTAH_JAZZ,130
23,14,23,11,6,0,2,16,0,6,9,2,57,Brandon Goodwin,1,7,23,[<Position.POINT_GUARD: 'POINT GUARD'>],goodwbr01,0,Team.DENVER_NUGGETS,3
23,289,1046,253,347,56,445,78,78,470,185,121,2633,Aaron Gordon,129,172,1246,[<Position.POWER_FORWARD: 'POWER FORWARD'>],gordoaa01,57,Team.ORLANDO_MAGIC,162
30,129,938,152,600,27,131,68,53,384,119,216,2158,Eric Gordon,17,143,1103,[<Position.SHOOTING_GUARD: 'SHOOTING GUARD'>],gordoer01,41,Team.HOUSTON_ROCKETS,90
34,65,186,48,0,24,194,47,43,99,35,0,751,Marcin Gortat,67,92,233,[<Position.CENTER: 'CENTER'>],gortama01,6,Team.LOS_ANGELES_CLIPPERS,50
23,121,216,46,121,2,53,46,3,74,35,34,676,Devonte' Graham,10,48,217,[<Position.POINT_GUARD: 'POINT GUARD'>],grahade01,23,Team.CHARLOTTE_HORNETS,30
25,34,191,22,128,7,84,35,21,64,18,38,715,Treveon Graham,23,68,184,[<Position.SHOOTING_GUARD: 'SHOOTING GUARD'>],grahatr01,13,Team.BROOKLYN_NETS,17
24,79,823,221,293,100,321,80,77,409,157,115,2612,Jerami Grant,96,214,1090,[<Position.POWER_FORWARD: 'POWER FORWARD'>],grantje01,61,Team.OKLAHOMA_CITY_THUNDER,67
26,156,220,40,110,6,79,60,1,92,26,40,939,Jerian Grant,19,78,250,[<Position.POINT_GUARD: 'POINT GUARD'>],grantje02,44,Team.ORLANDO_MAGIC,51
23,0,2,0,2,0,0,3,0,0,0,0,2,Donte Grantham,0,0,0,[<Position.SMALL_FORWARD: 'SMALL FORWARD'>],grantdo01,0,Team.OKLAHOMA_CITY_THUNDER,0
31,126,630,44,435,53,257,80,80,293,37,198,2216,Danny Green,60,171,821,[<Position.SHOOTING_GUARD: 'SHOOTING GUARD'>],greenda02,73,Team.TORONTO_RAPTORS,75
28,454,422,91,165,70,421,66,66,188,63,47,2065,Draymond Green,60,197,486,[<Position.POWER_FORWARD: 'POWER FORWARD'>],greendr01,95,Team.GOLDEN_STATE_WARRIORS,169
33,40,578,68,441,27,152,73,0,231,57,156,1473,Gerald Green,30,126,675,[<Position.SHOOTING_GUARD: 'SHOOTING GUARD'>],greenge01,33,Team.HOUSTON_ROCKETS,55
28,36,312,80,96,26,180,41,4,151,63,38,900,JaMychal Green,72,123,403,[<Position.POWER_FORWARD: 'POWER FORWARD'>],greenja01,33,Team.MEMPHIS_GRIZZLIES,64
28,14,164,21,80,8,125,24,2,79,17,33,471,JaMychal Green,32,70,208,[<Position.POWER_FORWARD: 'POWER FORWARD'>],greenja01,12,Team.LOS_ANGELES_CLIPPERS,23
32,137,687,206,320,39,252,77,44,326,183,111,2097,Jeff Green,57,160,946,[<Position.POWER_FORWARD: 'POWER FORWARD'>],greenje02,43,Team.WASHINGTON_WIZARDS,101
29,402,1341,550,522,28,465,75,75,619,414,189,2622,Blake Griffin,100,199,1841,[<Position.POWER_FORWARD: 'POWER FORWARD'>],griffbl01,52,Team.DETROIT_PISTONS,253
23,22,60,6,23,1,37,19,3,23,3,8,204,Daniel Hamilton,10,19,57,[<Position.SHOOTING_GUARD: 'SHOOTING GUARD'>],hamilda02,6,Team.ATLANTA_HAWKS,16
25,5,12,2,5,0,1,2,0,3,2,0,26,Dusty Hannahs,0,1,8,[<Position.SHOOTING_GUARD: 'SHOOTING GUARD'>],hannadu01,1,Team.MEMPHIS_GRIZZLIES,1
26,122,726,233,337,6,135,46,46,282,199,117,1499,Tim Hardaway Jr.,26,106,880,[<Position.SHOOTING_GUARD: 'SHOOTING GUARD'>],hardati02,42,Team.NEW_YORK_KNICKS,81
26,37,267,43,140,2,54,19,17,108,33,45,558,Tim Hardaway Jr.,7,35,294,[<Position.SHOOTING_GUARD: 'SHOOTING GUARD'>],hardati02,12,Team.DALLAS_MAVERICKS,24
29,586,1909,858,1028,58,452,78,78,843,754,378,2867,James Harden,66,244,2818,[<Position.POINT_GUARD: 'POINT GUARD'>],hardeja01,158,Team.HOUSTON_ROCKETS,387
25,74,388,73,120,53,192,60,53,189,49,33,1415,Maurice Harkless,77,163,460,[<Position.SMALL_FORWARD: 'SMALL FORWARD'>],harklma01,67,Team.PORTLAND_TRAIL_BLAZERS,45
25,162,888,414,17,110,351,82,5,546,266,3,2158,Montrezl Harrell,184,255,1361,[<Position.CENTER: 'CENTER'>],harremo01,71,Team.LOS_ANGELES_CLIPPERS,132
35,122,347,134,200,16,100,68,2,132,102,62,1071,Devin Harris,12,133,428,[<Position.POINT_GUARD: 'POINT GUARD'>],harride01,35,Team.DALLAS_MAVERICKS,56
24,127,637,144,242,19,119,57,48,270,115,82,1639,Gary Harris,41,113,737,[<Position.SHOOTING_GUARD: 'SHOOTING GUARD'>],harriga01,55,Team.DENVER_NUGGETS,68
27,181,748,133,386,17,239,76,76,374,110,183,2293,Joe Harris,52,182,1041,[<Position.SHOOTING_GUARD: 'SHOOTING GUARD'>],harrijo01,38,Team.BROOKLYN_NETS,121
26,150,855,219,258,24,395,55,55,424,192,112,1903,Tobias Harris,37,123,1152,[<Position.POWER_FORWARD: 'POWER FORWARD'>],harrito02,40,Team.LOS_ANGELES_CLIPPERS,109
26,79,399,88,135,13,181,27,27,187,74,44,944,Tobias Harris,32,61,492,[<Position.POWER_FORWARD: 'POWER FORWARD'>],harrito02,11,Team.PHILADELPHIA_76ERS,42
24,0,2,0,1,0,0,1,0,1,0,0,5,Andrew Harrison,0,1,2,[<Position.POINT_GUARD: 'POINT GUARD'>],harrian01,0,Team.MEMPHIS_GRIZZLIES,0
24,17,39,16,14,2,11,10,0,12,16,3,144,Andrew Harrison,4,26,43,[<Position.POINT_GUARD: 'POINT GUARD'>],harrian01,4,Team.CLEVELAND_CAVALIERS,10
24,7,12,2,10,0,3,6,0,3,1,2,38,Andrew Harrison,2,7,9,[<Position.POINT_GUARD: 'POINT GUARD'>],harrian01,0,Team.NEW_ORLEANS_PELICANS,2
25,139,426,123,89,30,189,73,11,184,82,24,1430,Shaquille Harrison,33,124,474,[<Position.SHOOTING_GUARD: 'SHOOTING GUARD'>],harrish01,89,Team.CHICAGO_BULLS,60
23,93,464,80,274,40,213,67,22,189,55,92,1715,Josh Hart,35,147,525,[<Position.SHOOTING_GUARD: 'SHOOTING GUARD'>],hartjo01,64,Team.LOS_ANGELES_LAKERS,58
20,15,41,14,6,12,26,28,0,20,11,2,221,Isaiah Hartenstein,21,56,53,[<Position.POWER_FORWARD: 'POWER FORWARD'>],harteis01,7,Team.HOUSTON_ROCKETS,13
38,2,33,4,12,0,24,10,1,11,3,0,74,Udonis Haslem,3,9,25,[<Position.CENTER: 'CENTER'>],hasleud01,0,Team.MIAMI_HEAT,3
28,244,635,187,231,23,271,72,18,296,156,77,1863,Gordon Hayward,51,104,825,[<Position.POWER_FORWARD: 'POWER FORWARD'>],haywago01,62,Team.BOSTON_CELTICS,105
28,14,67,10,31,11,55,14,0,31,6,11,188,John Henson,16,16,79,[<Position.CENTER: 'CENTER'>],hensojo01,7,Team.MILWAUKEE_BUCKS,12
23,55,314,86,181,24,201,70,25,138,66,66,1358,Juan Hernangómez,64,94,408,[<Position.POWER_FORWARD: 'POWER FORWARD'>],hernaju01,27,Team.DENVER_NUGGETS,37
24,60,295,144,39,20,194,58,3,153,100,15,812,Willy Hernangómez,117,98,421,[<Position.CENTER: 'CENTER'>],hernawi01,16,Team.CHARLOTTE_HORNETS,58
23,88,464,114,152,8,211,58,24,191,87,42,1206,Mario Hezonja,28,110,511,[<Position.SMALL_FORWARD: 'SMALL FORWARD'>],hezonma01,57,Team.NEW_YORK_KNICKS,88
24,2,8,5,0,3,5,3,0,4,4,0,32,Isaiah Hicks,2,5,12,[<Position.POWER_FORWARD: 'POWER FORWARD'>],hicksis01,1,Team.NEW_YORK_KNICKS,1
26,205,1360,193,651,33,306,82,82,623,171,278,2615,Buddy Hield,106,202,1695,[<Position.SHOOTING_GUARD: 'SHOOTING GUARD'>],hieldbu01,58,Team.SACRAMENTO_KINGS,146
22,2,10,2,5,0,5,5,0,4,0,1,40,Haywood Highsmith,0,1,9,[<Position.SMALL_FORWARD: 'SMALL FORWARD'>],highsha01,1,Team.PHILADELPHIA_76ERS,1
36,26,116,47,3,15,89,42,2,60,31,0,546,Nenê,34,87,151,[<Position.CENTER: 'CENTER'>],hilarne01,18,Team.HOUSTON_ROCKETS,11
32,36,107,20,28,1,15,13,13,55,17,13,344,George Hill,12,35,140,[<Position.POINT_GUARD: 'POINT GUARD'>],hillge01,12,Team.CLEVELAND_CAVALIERS,20
32,99,269,65,125,7,94,47,0,115,53,35,958,George Hill,27,67,318,[<Position.POINT_GUARD: 'POINT GUARD'>],hillge01,40,Team.MILWAUKEE_BUCKS,31
27,55,178,32,101,10,99,44,15,68,23,32,878,Solomon Hill,34,80,191,[<Position.SMALL_FORWARD: 'SMALL FORWARD'>],hillso01,23,Team.NEW_ORLEANS_PELICANS,31
22,87,262,50,127,13,62,50,0,105,41,43,646,Aaron Holiday,5,71,294,[<Position.POINT_GUARD: 'POINT GUARD'>],holidaa01,21,Team.INDIANA_PACERS,40
28,518,1159,271,363,54,259,67,67,547,208,118,2402,Jrue Holiday,75,148,1420,[<Position.SHOOTING_GUARD: 'SHOOTING GUARD'>],holidjr01,109,Team.NEW_ORLEANS_PELICANS,210
29,85,394,46,270,21,150,38,38,151,41,97,1325,Justin Holiday,19,79,440,[<Position.SHOOTING_GUARD: 'SHOOTING GUARD'>],holidju01,67,Team.CHICAGO_BULLS,47
29,61,383,60,195,15,127,44,39,149,54,65,1282,Justin Holiday,27,85,417,[<Position.SHOOTING_GUARD: 'SHOOTING GUARD'>],holidju01,54,Team.MEMPHIS_GRIZZLIES,57
30,0,0,0,0,0,0,1,0,0,0,0,1,John Holland,0,0,0,[<Position.SMALL_FORWARD: 'SMALL FORWARD'>],hollajo02,0,Team.CLEVELAND_CAVALIERS,0
24,96,487,183,49,27,227,59,21,200,118,9,1234,Rondae Hollis-Jefferson,83,107,527,[<Position.SMALL_FORWARD: 'SMALL FORWARD'>],holliro01,44,Team.BROOKLYN_NETS,68
25,60,365,175,0,79,216,70,4,222,128,0,1184,Richaun Holmes,115,194,572,[<Position.CENTER: 'CENTER'>],holmeri01,42,Team.PHOENIX_SUNS,52
26,92,454,114,152,5,94,45,45,194,104,55,1234,Rodney Hood,18,101,547,[<Position.SHOOTING_GUARD: 'SHOOTING GUARD'>],hoodro01,38,Team.CLEVELAND_CAVALIERS,36
26,34,217,41,84,7,38,27,4,98,33,29,659,Rodney Hood,7,45,258,[<Position.SHOOTING_GUARD: 'SHOOTING GUARD'>],hoodro01,21,Team.PORTLAND_TRAIL_BLAZERS,19
32,283,723,95,203,86,338,68,68,387,78,73,1973,Al Horford,120,126,925,[<Position.CENTER: 'CENTER'>],horfoal01,59,Team.BOSTON_CELTICS,102
25,40,252,71,178,11,115,39,13,118,56,74,979,Danuel House,25,80,366,[<Position.SMALL_FORWARD: 'SMALL FORWARD'>],houseda01,21,Team.HOUSTON_ROCKETS,35
33,4,69,48,0,4,59,9,9,43,29,0,230,Dwight Howard,24,34,115,[<Position.CENTER: 'CENTER'>],howardw01,7,Team.WASHINGTON_WIZARDS,16
20,214,657,56,353,25,185,75,59,275,41,136,2048,Kevin Huerter,60,155,727,[<Position.SHOOTING_GUARD: 'SHOOTING GUARD'>],huertke01,65,Team.ATLANTA_HAWKS,109
21,0,21,0,11,0,7,5,1,6,0,3,56,Isaac Humphries,4,7,15,[<Position.CENTER: 'CENTER'>],humphis01,1,Team.ATLANTA_HAWKS,0
25,3,13,2,10,0,2,1,0,6,1,4,26,R.J. Hunter,1,3,17,[<Position.SHOOTING_GUARD: 'SHOOTING GUARD'>],hunterj01,1,Team.BOSTON_CELTICS,0
22,34,209,38,50,6,154,44,14,96,23,14,895,Chandler Hutchison,31,59,229,[<Position.SMALL_FORWARD: 'SMALL FORWARD'>],hutchch01,23,Team.CHICAGO_BULLS,25
29,99,877,177,169,103,445,74,51,464,135,49,2010,Serge Ibaka,156,211,1112,[<Position.CENTER: 'CENTER'>],ibakase01,29,Team.TORONTO_RAPTORS,114
35,216,302,67,144,51,204,68,13,151,39,48,1578,Andre Iguodala,48,95,389,[<Position.SMALL_FORWARD: 'SMALL FORWARD'>],iguodan01,61,Team.GOLDEN_STATE_WARRIORS,52
31,52,381,74,160,20,208,67,7,167,61,58,1231,Ersan İlyasova,94,172,453,[<Position.POWER_FORWARD: 'POWER FORWARD'>],ilyaser01,32,Team.MILWAUKEE_BUCKS,48
31,469,802,123,483,20,295,82,82,359,87,189,2568,Joe Ingles,35,180,994,[<Position.POWER_FORWARD: 'POWER FORWARD'>],inglejo01,98,Team.UTAH_JAZZ,193
33,0,6,0,3,0,1,4,0,0,0,0,15,Andre Ingram,1,0,0,[<Position.SHOOTING_GUARD: 'SHOOTING GUARD'>],ingraan01,1,Team.LOS_ANGELES_LAKERS,1
21,154,729,289,94,31,226,52,52,362,195,31,1760,Brandon Ingram,41,149,950,[<Position.SMALL_FORWARD: 'SMALL FORWARD'>],ingrabr01,28,Team.LOS_ANGELES_LAKERS,129
26,464,1241,245,434,34,264,67,67,604,214,174,2214,Kyrie Irving,71,167,1596,[<Position.POINT_GUARD: 'POINT GUARD'>],irvinky01,103,Team.BOSTON_CELTICS,172
21,80,611,135,266,98,312,75,64,262,110,86,1996,Jonathan Isaac,99,143,720,[<Position.POWER_FORWARD: 'POWER FORWARD'>],isaacjo01,59,Team.ORLANDO_MAGIC,75
24,73,274,103,79,22,147,68,13,113,84,29,1233,Wesley Iwundu,37,123,339,[<Position.SMALL_FORWARD: 'SMALL FORWARD'>],iwundwe01,28,Team.ORLANDO_MAGIC,44
24,5,15,4,6,0,1,6,0,8,4,2,39,Demetrius Jackson,2,4,22,[<Position.POINT_GUARD: 'POINT GUARD'>],jacksde01,2,Team.PHILADELPHIA_76ERS,1
20,69,447,73,169,2,109,61,16,194,54,53,1169,Frank Jackson,25,92,495,[<Position.POINT_GUARD: 'POINT GUARD'>],jacksfr01,25,Team.NEW_ORLEANS_PELICANS,48
19,64,589,197,142,82,199,58,56,298,151,51,1515,Jaren Jackson Jr.,73,220,798,[<Position.POWER_FORWARD: 'POWER FORWARD'>],jacksja02,52,Team.MEMPHIS_GRIZZLIES,98
21,183,841,213,225,56,281,79,29,347,143,73,1988,Josh Jackson,66,209,910,[<Position.SHOOTING_GUARD: 'SHOOTING GUARD'>],jacksjo02,74,Team.PHOENIX_SUNS,173
23,68,295,50,159,13,121,52,3,125,41,55,1083,Justin Jackson,25,67,346,[<Position.SMALL_FORWARD: 'SMALL FORWARD'>],jacksju01,23,Team.SACRAMENTO_KINGS,22
23,28,190,29,86,1,47,29,11,92,21,32,531,Justin Jackson,19,32,237,[<Position.SMALL_FORWARD: 'SMALL FORWARD'>],jacksju01,9,Team.DALLAS_MAVERICKS,7
28,344,1047,236,471,9,171,82,82,441,204,174,2289,Reggie Jackson,45,208,1260,[<Position.POINT_GUARD: 'POINT GUARD'>],jacksre01,55,Team.DETROIT_PISTONS,148
34,454,1095,418,327,33,408,55,55,558,278,111,1937,LeBron James,57,94,1505,[<Position.SMALL_FORWARD: 'SMALL FORWARD'>],jamesle01,72,Team.LOS_ANGELES_LAKERS,197
25,3,16,8,0,3,15,12,0,10,7,0,68,Amile Jefferson,6,8,27,[<Position.POWER_FORWARD: 'POWER FORWARD'>],jeffeam01,3,Team.ORLANDO_MAGIC,1
27,1,2,0,2,0,1,4,0,2,0,2,14,John Jenkins,0,0,6,[<Position.SHOOTING_GUARD: 'SHOOTING GUARD'>],jenkijo01,0,Team.WASHINGTON_WIZARDS,0
27,21,103,18,56,2,30,22,0,40,15,20,319,John Jenkins,6,10,115,[<Position.SHOOTING_GUARD: 'SHOOTING GUARD'>],jenkijo01,0,Team.NEW_YORK_KNICKS,9
31,96,355,80,188,18,216,73,6,163,64,69,1218,Jonas Jerebko,72,137,459,[<Position.POWER_FORWARD: 'POWER FORWARD'>],jerebjo01,27,Team.GOLDEN_STATE_WARRIORS,43
22,1,16,8,2,3,15,14,0,4,4,1,64,Alize Johnson,4,7,13,[<Position.POWER_FORWARD: 'POWER FORWARD'>],johnsal02,1,Team.INDIANA_PACERS,0
31,60,157,41,40,13,100,51,6,79,31,12,529,Amir Johnson,47,99,201,[<Position.CENTER: 'CENTER'>],johnsam01,16,Team.PHILADELPHIA_76ERS,45
23,0,16,2,6,0,6,6,0,8,2,3,43,B.J. Johnson,2,3,21,[<Position.SMALL_FORWARD: 'SMALL FORWARD'>],johnsbj01,2,Team.ATLANTA_HAWKS,2
23,0,2,0,1,0,0,1,0,1,0,0,6,B.J. Johnson,0,1,2,[<Position.SMALL_FORWARD: 'SMALL FORWARD'>],johnsbj01,0,Team.SACRAMENTO_KINGS,0
31,135,379,70,149,27,154,55,33,164,50,50,1164,James Johnson,22,114,428,[<Position.POWER_FORWARD: 'POWER FORWARD'>],johnsja01,35,Team.MIAMI_HEAT,74
22,60,349,51,181,13,150,48,7,133,41,51,961,Stanley Johnson,25,92,358,[<Position.SMALL_FORWARD: 'SMALL FORWARD'>],johnsst04,48,Team.DETROIT_PISTONS,55
22,28,91,13,34,1,33,18,0,38,9,11,247,Stanley Johnson,9,22,96,[<Position.SMALL_FORWARD: 'SMALL FORWARD'>],johnsst04,12,Team.NEW_ORLEANS_PELICANS,26
26,112,401,88,204,21,102,44,10,171,61,72,1123,Tyler Johnson,19,72,475,[<Position.POINT_GUARD: 'POINT GUARD'>],johnsty01,40,Team.MIAMI_HEAT,63
26,54,125,39,56,6,37,13,12,46,34,18,406,Tyler Johnson,15,25,144,[<Position.POINT_GUARD: 'POINT GUARD'>],johnsty01,14,Team.PHOENIX_SUNS,14
31,16,88,9,50,7,44,26,13,35,6,19,377,Wesley Johnson,10,45,95,[<Position.SMALL_FORWARD: 'SMALL FORWARD'>],johnswe01,12,Team.NEW_ORLEANS_PELICANS,12
31,7,40,10,26,5,16,12,0,10,7,6,157,Wesley Johnson,2,18,33,[<Position.SMALL_FORWARD: 'SMALL FORWARD'>],johnswe01,2,Team.WASHINGTON_WIZARDS,6
23,580,1206,352,270,55,637,80,80,616,289,83,2504,Nikola Jokić,228,228,1604,[<Position.CENTER: 'CENTER'>],jokicni01,108,Team.DENVER_NUGGETS,248
23,28,74,37,0,25,44,24,22,53,24,0,410,Damian Jones,31,63,130,[<Position.CENTER: 'CENTER'>],jonesda03,12,Team.GOLDEN_STATE_WARRIORS,16
21,37,324,122,91,42,144,60,14,160,74,28,1153,Derrick Jones Jr.,96,123,422,[<Position.SMALL_FORWARD: 'SMALL FORWARD'>],jonesde02,46,Team.MIAMI_HEAT,43
25,7,62,27,28,2,23,16,0,26,19,10,214,Jalen Jones,11,27,81,[<Position.SMALL_FORWARD: 'SMALL FORWARD'>],jonesja04,9,Team.CLEVELAND_CAVALIERS,8
23,13,33,2,10,5,33,6,2,12,1,2,143,Jemerrio Jones,16,10,27,[<Position.SMALL_FORWARD: 'SMALL FORWARD'>],jonesje01,7,Team.LOS_ANGELES_LAKERS,5
27,0,4,1,2,0,4,2,0,1,0,0,5,Terrence Jones,0,1,2,[<Position.POWER_FORWARD: 'POWER FORWARD'>],joneste01,0,Team.HOUSTON_ROCKETS,1
22,327,446,69,126,5,111,68,23,185,58,40,1560,Tyus Jones,23,78,468,[<Position.POINT_GUARD: 'POINT GUARD'>],jonesty01,81,Team.MINNESOTA_TIMBERWOLVES,47
30,99,323,198,0,53,525,50,50,208,135,0,1554,DeAndre Jordan,161,125,551,[<Position.CENTER: 'CENTER'>],jordade01,33,Team.DALLAS_MAVERICKS,111
30,57,123,66,0,20,152,19,19,78,51,0,493,DeAndre Jordan,64,42,207,[<Position.CENTER: 'CENTER'>],jordade01,9,Team.NEW_YORK_KNICKS,42
27,321,548,43,171,22,240,82,9,226,30,55,2063,Cory Joseph,39,131,537,[<Position.POINT_GUARD: 'POINT GUARD'>],josepco01,94,Team.INDIANA_PACERS,80
25,63,298,107,139,12,124,47,0,138,79,50,755,Frank Kaminsky,39,68,405,[<Position.CENTER: 'CENTER'>],kaminfr01,12,Team.CHARLOTTE_HORNETS,41
26,84,468,129,22,17,290,44,23,251,105,7,1128,Enes Kanter,171,106,614,[<Position.CENTER: 'CENTER'>],kanteen01,18,Team.NEW_YORK_KNICKS,79
26,32,215,68,12,9,112,23,8,124,50,3,512,Enes Kanter,86,61,301,[<Position.CENTER: 'CENTER'>],kanteen01,14,Team.PORTLAND_TRAIL_BLAZERS,39
22,114,520,61,269,10,171,63,10,228,51,106,1437,Luke Kennard,12,92,613,[<Position.SHOOTING_GUARD: 'SHOOTING GUARD'>],kennalu01,26,Team.DETROIT_PISTONS,57
25,61,332,123,47,39,158,64,3,158,95,16,1179,Michael Kidd-Gilchrist,88,156,427,[<Position.POWER_FORWARD: 'POWER FORWARD'>],kiddgmi01,32,Team.CHARLOTTE_HORNETS,43
25,0,0,0,0,0,1,1,0,0,0,0,6,George King,0,0,0,[<Position.SMALL_FORWARD: 'SMALL FORWARD'>],kingge03,0,Team.PHOENIX_SUNS,0
27,70,386,74,218,78,239,71,18,175,58,77,1502,Maxi Kleber,90,143,485,[<Position.POWER_FORWARD: 'POWER FORWARD'>],klebima01,36,Team.DALLAS_MAVERICKS,54
27,9,47,11,32,0,8,12,0,11,9,5,118,Brandon Knight,1,14,36,[<Position.POINT_GUARD: 'POINT GUARD'>],knighbr03,2,Team.HOUSTON_ROCKETS,5
27,62,213,23,97,2,41,27,26,88,18,36,618,Brandon Knight,9,48,230,[<Position.POINT_GUARD: 'POINT GUARD'>],knighbr03,19,Team.CLEVELAND_CAVALIERS,25
19,82,914,226,364,24,274,75,57,338,162,125,2158,Kevin Knox,61,175,963,[<Position.POWER_FORWARD: 'POWER FORWARD'>],knoxke01,43,Team.NEW_YORK_KNICKS,114
21,52,245,44,144,2,91,48,7,98,36,47,679,Furkan Korkmaz,16,62,279,[<Position.SHOOTING_GUARD: 'SHOOTING GUARD'>],korkmfu01,29,Team.PHILADELPHIA_76ERS,25
23,54,283,46,193,42,107,46,18,107,38,70,784,Luke Kornet,28,41,322,[<Position.POWER_FORWARD: 'POWER FORWARD'>],kornelu01,27,Team.NEW_YORK_KNICKS,25
37,17,76,16,54,2,29,16,0,35,13,25,251,Kyle Korver,0,22,108,[<Position.POWER_FORWARD: 'POWER FORWARD'>],korveky01,3,Team.CLEVELAND_CAVALIERS,17
37,64,407,57,294,10,124,54,0,166,47,113,1083,Kyle Korver,9,84,492,[<Position.SHOOTING_GUARD: 'SHOOTING GUARD'>],korveky01,22,Team.UTAH_JAZZ,42
29,36,153,24,0,18,125,42,1,73,10,0,502,Kosta Koufos,52,68,156,[<Position.CENTER: 'CENTER'>],koufoko01,15,Team.SACRAMENTO_KINGS,27
20,52,449,92,184,25,190,63,46,202,72,58,1294,Rodions Kurucs,56,146,534,[<Position.SMALL_FORWARD: 'SMALL FORWARD'>],kurucro01,41,Team.BROOKLYN_NETS,77
23,178,1087,250,422,26,322,70,68,496,188,128,2314,Kyle Kuzma,60,170,1308,[<Position.POWER_FORWARD: 'POWER FORWARD'>],kuzmaky01,41,Team.LOS_ANGELES_LAKERS,133
22,6,30,11,11,3,20,13,0,13,6,4,113,Skal Labissière,4,21,36,[<Position.POWER_FORWARD: 'POWER FORWARD'>],labissk01,2,Team.SACRAMENTO_KINGS,7
22,5,19,6,2,3,14,9,1,13,3,2,63,Skal Labissière,5,8,31,[<Position.POWER_FORWARD: 'POWER FORWARD'>],labissk01,3,Team.PORTLAND_TRAIL_BLAZERS,4
26,172,979,260,330,32,369,79,55,431,231,115,2250,Jeremy Lamb,65,140,1208,[<Position.SHOOTING_GUARD: 'SHOOTING GUARD'>],lambje01,88,Team.CHARLOTTE_HORNETS,80
23,283,1135,375,321,26,254,63,62,530,312,120,2171,Zach LaVine,40,140,1492,[<Position.SHOOTING_GUARD: 'SHOOTING GUARD'>],lavinza01,60,Team.CHICAGO_BULLS,215
24,53,424,71,181,30,161,71,33,216,50,59,1327,Jake Layman,56,116,541,[<Position.SMALL_FORWARD: 'SMALL FORWARD'>],laymaja01,31,Team.PORTLAND_TRAIL_BLAZERS,46
21,24,183,31,31,19,82,58,1,99,19,8,522,T.J. Leaf,43,35,225,[<Position.POWER_FORWARD: 'POWER FORWARD'>],leaftj01,9,Team.INDIANA_PACERS,12
33,16,47,14,16,2,21,12,2,21,9,5,160,Courtney Lee,6,13,56,[<Position.SHOOTING_GUARD: 'SHOOTING GUARD'>],leeco01,8,Team.NEW_YORK_KNICKS,5
33,21,82,7,39,1,24,22,4,32,5,11,268,Courtney Lee,3,19,80,[<Position.SHOOTING_GUARD: 'SHOOTING GUARD'>],leeco01,13,Team.DALLAS_MAVERICKS,9
26,13,127,22,68,0,56,32,0,56,19,27,375,Damion Lee,8,28,158,[<Position.SHOOTING_GUARD: 'SHOOTING GUARD'>],leeda03,13,Team.GOLDEN_STATE_WARRIORS,11
26,30,87,11,5,1,23,6,3,38,8,2,167,Walt Lemon Jr.,4,14,86,[<Position.POINT_GUARD: 'POINT GUARD'>],lemonwa01,11,Team.CHICAGO_BULLS,10
25,86,648,216,204,69,266,77,31,320,140,74,1544,Alex Len,158,200,854,[<Position.CENTER: 'CENTER'>],lenal01,27,Team.ATLANTA_HAWKS,97
27,199,1129,426,302,24,361,60,60,560,364,112,2040,Kawhi Leonard,78,87,1596,[<Position.SMALL_FORWARD: 'SMALL FORWARD'>],leonaka01,106,Team.TORONTO_RAPTORS,121
26,75,242,51,111,9,184,61,2,132,43,50,878,Meyers Leonard,49,105,357,[<Position.CENTER: 'CENTER'>],leoname01,13,Team.PORTLAND_TRAIL_BLAZERS,43
29,14,113,31,11,4,70,41,1,66,23,1,402,Jon Leuer,27,60,156,[<Position.POWER_FORWARD: 'POWER FORWARD'>],leuerjo01,12,Team.DETROIT_PISTONS,23
24,156,483,123,154,14,116,40,25,207,85,48,1063,Caris LeVert,35,77,547,[<Position.SMALL_FORWARD: 'SMALL FORWARD'>],leverca01,42,Team.BROOKLYN_NETS,69
28,551,1533,513,643,34,303,80,80,681,468,237,2838,Damian Lillard,68,148,2067,[<Position.POINT_GUARD: 'POINT GUARD'>],lillada01,88,Team.PORTLAND_TRAIL_BLAZERS,212
30,181,386,168,132,7,103,51,1,180,142,44,1003,Jeremy Lin,16,96,546,[<Position.POINT_GUARD: 'POINT GUARD'>],linje01,38,Team.ATLANTA_HAWKS,98
30,50,155,42,55,6,54,23,3,58,34,11,433,Jeremy Lin,6,48,161,[<Position.POINT_GUARD: 'POINT GUARD'>],linje01,9,Team.TORONTO_RAPTORS,26
33,114,210,51,2,27,75,64,0,109,40,0,967,Shaun Livingston,42,74,258,[<Position.POINT_GUARD: 'POINT GUARD'>],livinsh01,31,Team.GOLDEN_STATE_WARRIORS,38
26,0,1,0,1,0,0,1,0,0,0,0,4,Zach Lofton,0,0,0,[<Position.SHOOTING_GUARD: 'SHOOTING GUARD'>],loftoza01,1,Team.DETROIT_PISTONS,1
22,123,347,105,10,53,223,80,24,217,65,1,1481,Kevon Looney,194,211,500,[<Position.CENTER: 'CENTER'>],looneke01,46,Team.GOLDEN_STATE_WARRIORS,51
30,98,786,133,512,179,363,81,81,355,112,187,2322,Brook Lopez,33,189,1009,[<Position.CENTER: 'CENTER'>],lopezbr01,51,Team.MILWAUKEE_BUCKS,82
30,89,535,123,31,78,146,74,36,304,89,7,1606,Robin Lopez,140,124,704,[<Position.CENTER: 'CENTER'>],lopezro01,11,Team.CHICAGO_BULLS,96
30,48,283,114,147,5,206,22,21,109,103,53,598,Kevin Love,33,54,374,[<Position.POWER_FORWARD: 'POWER FORWARD'>],loveke01,6,Team.CLEVELAND_CAVALIERS,42
32,564,739,194,453,31,271,65,65,304,161,157,2213,Kyle Lowry,41,166,926,[<Position.POINT_GUARD: 'POINT GUARD'>],lowryky01,91,Team.TORONTO_RAPTORS,182
25,6,18,11,8,0,8,12,0,8,9,4,55,Jordan Loyd,1,5,29,[<Position.POINT_GUARD: 'POINT GUARD'>],loydjo01,0,Team.TORONTO_RAPTORS,2
29,1,1,2,1,0,3,1,0,0,2,0,6,Kalin Lucas,0,1,2,[<Position.POINT_GUARD: 'POINT GUARD'>],lucaska01,0,Team.DETROIT_PISTONS,0
23,4,43,6,22,1,14,21,1,13,4,5,123,Timothé Luwawu-Cabarrot,4,14,35,[<Position.SMALL_FORWARD: 'SMALL FORWARD'>],luwawti01,4,Team.OKLAHOMA_CITY_THUNDER,5
23,22,175,35,94,7,72,29,6,69,27,31,546,Timothé Luwawu-Cabarrot,7,59,196,[<Position.SMALL_FORWARD: 'SMALL FORWARD'>],luwawti01,15,Team.CHICAGO_BULLS,16
22,6,18,3,10,0,11,25,0,9,1,4,94,Tyler Lydon,7,10,23,[<Position.POWER_FORWARD: 'POWER FORWARD'>],lydonty01,2,Team.DENVER_NUGGETS,4
23,87,495,116,200,23,202,64,2,207,81,51,1120,Trey Lyles,44,93,546,[<Position.POWER_FORWARD: 'POWER FORWARD'>],lylestr01,30,Team.DENVER_NUGGETS,68
28,3,6,1,1,0,0,4,0,4,1,1,19,Scott Machado,0,2,10,[<Position.POINT_GUARD: 'POINT GUARD'>],machasc01,1,Team.LOS_ANGELES_LAKERS,0
28,182,389,75,128,4,84,53,3,161,53,46,1204,Shelvin Mack,18,81,421,[<Position.POINT_GUARD: 'POINT GUARD'>],macksh01,45,Team.MEMPHIS_GRIZZLIES,62
28,1,14,9,2,0,2,4,0,2,5,0,42,Shelvin Mack,0,3,9,[<Position.POINT_GUARD: 'POINT GUARD'>],macksh01,2,Team.CHARLOTTE_HORNETS,4
23,7,27,7,11,0,10,8,0,10,4,5,90,Daryl Macon,2,8,29,[<Position.SHOOTING_GUARD: 'SHOOTING GUARD'>],maconda01,1,Team.DALLAS_MAVERICKS,6
23,2,9,0,4,0,3,2,0,3,0,0,17,J.P. Macura,0,0,6,[<Position.SHOOTING_GUARD: 'SHOOTING GUARD'>],macurjp01,0,Team.CHARLOTTE_HORNETS,0
32,25,104,61,16,16,80,34,6,47,42,3,498,Ian Mahinmi,48,84,139,[<Position.CENTER: 'CENTER'>],mahinia01,25,Team.WASHINGTON_WIZARDS,21
21,18,134,37,78,18,79,35,0,59,20,26,409,Thon Maker,17,55,164,[<Position.CENTER: 'CENTER'>],makerth01,10,Team.MILWAUKEE_BUCKS,9
21,27,134,47,75,33,82,29,5,50,36,23,563,Thon Maker,24,50,159,[<Position.POWER_FORWARD: 'POWER FORWARD'>],makerth01,11,Team.DETROIT_PISTONS,24
30,22,140,95,2,17,97,36,9,85,72,0,376,Boban Marjanović,55,57,242,[<Position.CENTER: 'CENTER'>],marjabo01,11,Team.LOS_ANGELES_CLIPPERS,37
30,32,120,36,8,10,81,22,3,75,26,4,305,Boban Marjanović,32,33,180,[<Position.CENTER: 'CENTER'>],marjabo01,5,Team.PHILADELPHIA_76ERS,22
21,75,795,195,332,33,396,52,51,342,170,120,1682,Lauri Markkanen,74,122,974,[<Position.POWER_FORWARD: 'POWER FORWARD'>],markkla01,37,Team.CHICAGO_BULLS,85
24,18,104,11,57,8,62,42,1,43,9,20,328,Jarell Martin,11,51,115,[<Position.POWER_FORWARD: 'POWER FORWARD'>],martija01,3,Team.ORLANDO_MAGIC,11
24,84,169,57,64,4,37,38,0,71,39,14,435,Frank Mason III,6,34,195,[<Position.POINT_GUARD: 'POINT GUARD'>],masonfr01,16,Team.SACRAMENTO_KINGS,36
22,0,4,0,1,0,2,2,0,1,0,0,13,Yante Maten,1,0,2,[<Position.POWER_FORWARD: 'POWER FORWARD'>],matenya01,1,Team.MIAMI_HEAT,0
32,100,469,110,263,12,82,44,44,194,87,100,1312,Wesley Matthews,20,102,575,[<Position.SMALL_FORWARD: 'SMALL FORWARD'>],matthwe02,33,Team.DALLAS_MAVERICKS,58
32,5,19,5,10,1,2,2,1,4,4,2,54,Wesley Matthews,1,2,14,[<Position.SHOOTING_GUARD: 'SHOOTING GUARD'>],matthwe02,1,Team.NEW_YORK_KNICKS,2
32,55,210,48,130,4,54,23,23,81,41,48,725,Wesley Matthews,11,56,251,[<Position.SHOOTING_GUARD: 'SHOOTING GUARD'>],matthwe02,20,Team.INDIANA_PACERS,31
32,2,18,5,6,1,5,4,0,8,2,2,61,Luc Mbah a Moute,2,8,20,[<Position.POWER_FORWARD: 'POWER FORWARD'>],mbahalu01,1,Team.LOS_ANGELES_CLIPPERS,2
24,0,3,1,1,0,1,1,0,2,0,0,8,Tahjere McCall,0,2,4,[<Position.SHOOTING_GUARD: 'SHOOTING GUARD'>],mccalta01,0,Team.BROOKLYN_NETS,0
23,2,9,0,4,0,3,3,0,2,0,1,53,Patrick McCaw,0,1,5,[<Position.SHOOTING_GUARD: 'SHOOTING GUARD'>],mccawpa01,2,Team.CLEVELAND_CAVALIERS,3
23,27,54,15,24,2,38,26,1,24,13,8,344,Patrick McCaw,7,37,69,[<Position.SHOOTING_GUARD: 'SHOOTING GUARD'>],mccawpa01,21,Team.TORONTO_RAPTORS,14
27,207,1243,192,445,28,220,70,70,571,159,167,2375,CJ McCollum,62,172,1468,[<Position.SHOOTING_GUARD: 'SHOOTING GUARD'>],mccolcj01,55,Team.PORTLAND_TRAIL_BLAZERS,106
26,258,419,37,42,17,146,76,3,220,29,14,1470,T.J. McConnell,28,105,483,[<Position.POINT_GUARD: 'POINT GUARD'>],mccontj01,79,Team.PHILADELPHIA_76ERS,91
27,67,422,79,206,8,92,77,1,207,66,84,1340,Doug McDermott,17,104,564,[<Position.SMALL_FORWARD: 'SMALL FORWARD'>],mcderdo01,18,Team.INDIANA_PACERS,42
31,52,641,152,12,148,371,75,62,400,96,1,1671,JaVale McGee,195,208,897,[<Position.CENTER: 'CENTER'>],mcgeeja01,47,Team.LOS_ANGELES_LAKERS,108
27,112,461,72,225,12,178,66,45,186,52,79,1550,Rodney McGruder,60,115,503,[<Position.SHOOTING_GUARD: 'SHOOTING GUARD'>],mcgruro01,36,Team.MIAMI_HEAT,64
26,31,275,48,118,15,166,72,5,134,27,42,1003,Alfonzo McKinnie,81,134,337,[<Position.SMALL_FORWARD: 'SMALL FORWARD'>],mckinal01,18,Team.GOLDEN_STATE_WARRIORS,30
25,4,64,12,41,3,14,19,0,25,8,17,158,Ben McLemore,3,22,75,[<Position.SHOOTING_GUARD: 'SHOOTING GUARD'>],mclembe01,6,Team.SACRAMENTO_KINGS,5
27,30,130,35,35,7,34,27,0,61,28,10,333,Jordan McRae,6,26,160,[<Position.SHOOTING_GUARD: 'SHOOTING GUARD'>],mcraejo01,13,Team.WASHINGTON_WIZARDS,15
31,8,39,1,18,1,11,8,0,21,1,8,104,Jodie Meeks,1,5,51,[<Position.SHOOTING_GUARD: 'SHOOTING GUARD'>],meeksjo01,1,Team.TORONTO_RAPTORS,2
32,35,112,32,34,26,95,36,4,55,20,11,399,Salah Mejri,36,55,141,[<Position.CENTER: 'CENTER'>],mejrisa01,10,Team.DALLAS_MAVERICKS,21
20,159,256,28,95,23,109,50,31,100,21,29,984,De'Anthony Melton,25,113,250,[<Position.POINT_GUARD: 'POINT GUARD'>],meltode01,68,Team.PHOENIX_SUNS,75
21,13,58,17,2,2,27,29,0,19,13,0,145,Chimezie Metu,9,14,51,[<Position.POWER_FORWARD: 'POWER FORWARD'>],metuch01,6,Team.SAN_ANTONIO_SPURS,15
27,331,1148,258,474,7,411,77,77,506,216,179,2393,Khris Middleton,50,172,1407,[<Position.SMALL_FORWARD: 'SMALL FORWARD'>],middlkh01,80,Team.MILWAUKEE_BUCKS,174
31,22,206,44,137,10,56,40,1,70,35,43,562,C.J. Miles,12,62,218,[<Position.SMALL_FORWARD: 'SMALL FORWARD'>],milescj01,18,Team.TORONTO_RAPTORS,21
31,14,105,14,66,5,26,13,0,42,13,24,294,C.J. Miles,1,17,121,[<Position.SMALL_FORWARD: 'SMALL FORWARD'>],milescj01,8,Team.MEMPHIS_GRIZZLIES,9
28,146,484,71,364,23,114,69,15,189,56,133,1757,Darius Miller,14,165,567,[<Position.SMALL_FORWARD: 'SMALL FORWARD'>],milleda01,40,Team.NEW_ORLEANS_PELICANS,59
25,1,26,4,21,1,4,10,0,11,3,10,67,Malcolm Miller,1,5,35,[<Position.SMALL_FORWARD: 'SMALL FORWARD'>],millema01,1,Team.TORONTO_RAPTORS,1
30,245,663,103,404,10,158,82,1,282,88,159,1908,Patty Mills,24,129,811,[<Position.POINT_GUARD: 'POINT GUARD'>],millspa02,49,Team.SAN_ANTONIO_SPURS,93
33,141,665,249,159,54,352,70,65,322,181,58,1895,Paul Millsap,153,183,883,[<Position.POWER_FORWARD: 'POWER FORWARD'>],millspa01,83,Team.DENVER_NUGGETS,95
22,18,87,7,44,8,26,20,0,34,5,14,268,Shake Milton,9,29,87,[<Position.SHOOTING_GUARD: 'SHOOTING GUARD'>],miltosh01,8,Team.PHILADELPHIA_76ERS,6
27,35,407,101,231,25,218,32,22,182,85,85,925,Nikola Mirotić,46,86,534,[<Position.POWER_FORWARD: 'POWER FORWARD'>],mirotni01,21,Team.NEW_ORLEANS_PELICANS,37
27,20,135,23,87,9,61,14,3,56,20,31,320,Nikola Mirotić,14,21,163,[<Position.POWER_FORWARD: 'POWER FORWARD'>],mirotni01,10,Team.MILWAUKEE_BUCKS,11
22,322,1530,396,519,31,257,77,77,661,319,188,2598,Donovan Mitchell,59,208,1829,[<Position.SHOOTING_GUARD: 'SHOOTING GUARD'>],mitchdo01,106,Team.UTAH_JAZZ,218
25,15,20,2,11,1,5,14,0,6,2,2,84,Naz Mitrou-Long,1,10,16,[<Position.SHOOTING_GUARD: 'SHOOTING GUARD'>],mitrona01,1,Team.UTAH_JAZZ,8
20,117,586,102,330,19,121,73,0,227,90,109,1258,Malik Monk,16,106,653,[<Position.SHOOTING_GUARD: 'SHOOTING GUARD'>],monkma01,37,Team.CHARLOTTE_HORNETS,86
28,16,161,61,4,8,96,38,2,74,35,0,423,Greg Monroe,60,61,183,[<Position.CENTER: 'CENTER'>],monrogr01,13,Team.TORONTO_RAPTORS,31
28,1,5,0,0,0,0,2,0,3,0,0,5,Greg Monroe,3,0,6,[<Position.CENTER: 'CENTER'>],monrogr01,0,Team.BOSTON_CELTICS,0
28,7,23,11,1,0,9,3,0,15,10,1,52,Greg Monroe,4,5,41,[<Position.CENTER: 'CENTER'>],monrogr01,1,Team.PHILADELPHIA_76ERS,1
29,102,532,59,176,8,92,53,36,256,45,76,1463,E'Twaun Moore,35,112,633,[<Position.SHOOTING_GUARD: 'SHOOTING GUARD'>],mooreet01,40,Team.NEW_ORLEANS_PELICANS,59
27,0,0,0,0,0,3,1,0,0,0,0,5,Eric Moreland,0,1,0,[<Position.POWER_FORWARD: 'POWER FORWARD'>],moreler01,0,Team.PHOENIX_SUNS,0
27,4,7,0,1,1,13,4,0,3,0,1,38,Eric Moreland,4,8,7,[<Position.POWER_FORWARD: 'POWER FORWARD'>],moreler01,1,Team.TORONTO_RAPTORS,5
23,4,10,2,3,0,5,4,0,4,1,1,29,Jaylen Morris,0,1,10,[<Position.SHOOTING_GUARD: 'SHOOTING GUARD'>],morrija01,2,Team.MILWAUKEE_BUCKS,1
29,109,844,173,389,25,382,75,53,377,146,146,2091,Marcus Morris,76,181,1046,[<Position.POWER_FORWARD: 'POWER FORWARD'>],morrima03,43,Team.BOSTON_CELTICS,92
29,60,328,73,144,20,133,34,15,143,57,48,883,Markieff Morris,41,117,391,[<Position.POWER_FORWARD: 'POWER FORWARD'>],morrima02,25,Team.WASHINGTON_WIZARDS,47
29,19,156,19,59,2,71,24,1,61,14,20,387,Markieff Morris,20,58,156,[<Position.POWER_FORWARD: 'POWER FORWARD'>],morrima02,11,Team.OKLAHOMA_CITY_THUNDER,7
23,297,702,81,227,4,159,82,6,346,65,94,1970,Monte Morris,35,102,851,[<Position.POINT_GUARD: 'POINT GUARD'>],morrimo01,73,Team.DENVER_NUGGETS,52
28,1,6,2,0,1,1,3,0,3,0,0,13,Donatas Motiejūnas,2,6,6,[<Position.POWER_FORWARD: 'POWER FORWARD'>],motiedo01,0,Team.SAN_ANTONIO_SPURS,3
23,11,73,40,3,3,33,22,0,39,24,0,156,Johnathan Motley,18,27,102,[<Position.POWER_FORWARD: 'POWER FORWARD'>],motlejo01,5,Team.LOS_ANGELES_CLIPPERS,16
22,228,740,186,210,19,163,59,42,330,144,69,1607,Emmanuel Mudiay,33,103,873,[<Position.POINT_GUARD: 'POINT GUARD'>],mudiaem01,43,Team.NEW_YORK_KNICKS,140
21,363,1173,223,414,27,252,75,74,513,189,152,2447,Jamal Murray,65,153,1367,[<Position.POINT_GUARD: 'POINT GUARD'>],murraja01,67,Team.DENVER_NUGGETS,158
19,2,22,2,10,0,4,9,0,9,0,1,39,Džanan Musa,1,1,19,[<Position.SHOOTING_GUARD: 'SHOOTING GUARD'>],musadz01,2,Team.BROOKLYN_NETS,4
27,62,278,77,199,27,149,47,6,109,63,68,1041,Mike Muscala,51,112,349,[<Position.POWER_FORWARD: 'POWER FORWARD'>],muscami01,18,Team.PHILADELPHIA_76ERS,43
27,14,83,8,57,11,38,17,4,36,7,21,265,Mike Muscala,6,18,100,[<Position.POWER_FORWARD: 'POWER FORWARD'>],muscami01,4,Team.LOS_ANGELES_LAKERS,5
21,33,132,20,85,1,26,39,0,44,12,27,420,Sviatoslav Mykhailiuk,8,25,127,[<Position.SMALL_FORWARD: 'SMALL FORWARD'>],mykhasv01,13,Team.LOS_ANGELES_LAKERS,20
21,4,8,0,4,0,1,3,0,2,0,2,20,Sviatoslav Mykhailiuk,1,0,6,[<Position.SMALL_FORWARD: 'SMALL FORWARD'>],mykhasv01,1,Team.DETROIT_PISTONS,1
25,20,215,36,100,12,102,61,1,91,27,32,694,Abdel Nader,14,68,241,[<Position.SMALL_FORWARD: 'SMALL FORWARD'>],naderab01,20,Team.OKLAHOMA_CITY_THUNDER,26
26,214,479,134,98,40,384,67,30,249,96,33,1795,Larry Nance Jr.,168,192,627,[<Position.CENTER: 'CENTER'>],nancela02,100,Team.CLEVELAND_CAVALIERS,97
27,143,435,138,228,16,82,56,2,169,115,76,983,Shabazz Napier,18,67,529,[<Position.POINT_GUARD: 'POINT GUARD'>],napiesh01,41,Team.BROOKLYN_NETS,66
26,93,161,33,60,4,56,37,1,74,28,20,474,Raul Neto,6,49,196,[<Position.POINT_GUARD: 'POINT GUARD'>],netora01,14,Team.UTAH_JAZZ,35
25,35,181,24,105,6,76,59,0,86,20,43,516,Georges Niang,11,57,235,[<Position.POWER_FORWARD: 'POWER FORWARD'>],niangge01,10,Team.UTAH_JAZZ,23
33,89,213,109,1,31,180,42,1,110,78,0,693,Joakim Noah,58,96,298,[<Position.CENTER: 'CENTER'>],noahjo01,20,Team.MEMPHIS_GRIZZLIES,50
24,45,276,79,0,96,198,77,2,162,54,0,1055,Nerlens Noel,127,166,378,[<Position.CENTER: 'CENTER'>],noelne01,66,Team.OKLAHOMA_CITY_THUNDER,48
40,35,376,50,205,18,153,51,20,135,39,64,795,Dirk Nowitzki,5,76,373,[<Position.POWER_FORWARD: 'POWER FORWARD'>],nowitdi01,9,Team.DALLAS_MAVERICKS,18
20,121,282,30,115,14,75,43,16,95,23,33,904,Frank Ntilikina,12,104,246,[<Position.POINT_GUARD: 'POINT GUARD'>],ntilila01,30,Team.NEW_YORK_KNICKS,56
28,5,21,4,13,0,4,13,0,9,4,5,64,James Nunnally,0,4,27,[<Position.SMALL_FORWARD: 'SMALL FORWARD'>],nunnaja01,1,Team.MINNESOTA_TIMBERWOLVES,1
28,2,13,0,12,0,1,2,0,3,0,3,38,James Nunnally,0,6,9,[<Position.SMALL_FORWARD: 'SMALL FORWARD'>],nunnaja01,0,Team.HOUSTON_ROCKETS,0
24,233,826,365,29,103,505,72,72,420,282,3,1974,Jusuf Nurkić,243,250,1125,[<Position.CENTER: 'CENTER'>],nurkiju01,71,Team.PORTLAND_TRAIL_BLAZERS,168
26,54,262,85,75,17,122,51,14,126,58,24,984,David Nwaba,41,106,334,[<Position.SHOOTING_GUARD: 'SHOOTING GUARD'>],nwabada01,36,Team.CLEVELAND_CAVALIERS,29
25,124,343,42,176,24,263,82,16,163,32,68,1671,Royce O'Neale,22,172,426,[<Position.SMALL_FORWARD: 'SMALL FORWARD'>],onealro01,54,Team.UTAH_JAZZ,70
28,56,136,21,12,25,90,45,3,69,17,1,371,Kyle O'Quinn,29,68,156,[<Position.CENTER: 'CENTER'>],oquinky01,9,Team.INDIANA_PACERS,31
24,23,158,39,89,4,62,56,3,67,24,28,594,Semi Ojeleye,24,43,186,[<Position.POWER_FORWARD: 'POWER FORWARD'>],ojelese01,10,Team.BOSTON_CELTICS,19
23,40,362,89,5,40,196,59,24,212,59,1,935,Jahlil Okafor,82,96,484,[<Position.CENTER: 'CENTER'>],okafoja01,15,Team.NEW_ORLEANS_PELICANS,52
21,127,290,47,132,7,86,53,16,114,37,39,958,Elie Okobo,12,109,304,[<Position.POINT_GUARD: 'POINT GUARD'>],okoboel01,32,Team.PHOENIX_SUNS,69
20,91,508,162,215,33,177,74,52,196,118,60,1757,Josh Okogie,41,166,570,[<Position.SHOOTING_GUARD: 'SHOOTING GUARD'>],okogijo01,88,Team.MINNESOTA_TIMBERWOLVES,63
26,186,588,141,216,11,181,36,36,249,103,74,1147,Victor Oladipo,21,72,675,[<Position.SHOOTING_GUARD: 'SHOOTING GUARD'>],oladivi01,60,Team.INDIANA_PACERS,82
27,140,564,185,319,37,303,79,36,261,152,113,1812,Kelly Olynyk,72,183,787,[<Position.POWER_FORWARD: 'POWER FORWARD'>],olynyke01,53,Team.MIAMI_HEAT,114
23,195,844,181,374,11,312,76,75,360,141,130,2444,Cedi Osman,45,195,991,[<Position.SMALL_FORWARD: 'SMALL FORWARD'>],osmande01,60,Team.CLEVELAND_CAVALIERS,114
23,20,305,85,132,20,105,29,7,132,68,41,755,Kelly Oubre Jr.,24,71,373,[<Position.SMALL_FORWARD: 'SMALL FORWARD'>],oubreke01,27,Team.WASHINGTON_WIZARDS,30
23,64,537,159,206,39,149,40,12,243,121,67,1180,Kelly Oubre Jr.,47,110,674,[<Position.SMALL_FORWARD: 'SMALL FORWARD'>],oubreke01,57,Team.PHOENIX_SUNS,73
34,91,193,124,4,17,166,68,3,85,97,0,878,Zaza Pachulia,99,151,267,[<Position.CENTER: 'CENTER'>],pachuza01,31,Team.DETROIT_PISTONS,57
23,84,464,108,114,14,200,39,17,220,79,37,1042,Jabari Parker,41,87,556,[<Position.POWER_FORWARD: 'POWER FORWARD'>],parkeja01,23,Team.CHICAGO_BULLS,84
23,68,285,76,81,16,142,25,0,149,52,24,682,Jabari Parker,38,58,374,[<Position.POWER_FORWARD: 'POWER FORWARD'>],parkeja01,23,Team.WASHINGTON_WIZARDS,67
36,207,463,124,51,7,69,56,0,213,91,13,1003,Tony Parker,14,53,530,[<Position.POINT_GUARD: 'POINT GUARD'>],parketo01,21,Team.CHARLOTTE_HORNETS,75
30,43,182,25,94,5,66,25,3,68,22,29,496,Chandler Parsons,4,45,187,[<Position.SMALL_FORWARD: 'SMALL FORWARD'>],parsoch01,19,Team.MEMPHIS_GRIZZLIES,32
29,31,219,30,137,13,105,63,5,82,19,46,861,Patrick Patterson,42,46,229,[<Position.POWER_FORWARD: 'POWER FORWARD'>],pattepa01,16,Team.OKLAHOMA_CITY_THUNDER,22
21,3,7,2,2,0,4,3,0,2,1,0,21,Justin Patton,2,5,5,[<Position.CENTER: 'CENTER'>],pattoju01,2,Team.PHILADELPHIA_76ERS,0
33,473,720,203,355,18,229,58,58,302,175,127,1857,Chris Paul,36,146,906,[<Position.POINT_GUARD: 'POINT GUARD'>],paulch01,114,Team.HOUSTON_ROCKETS,152
24,83,168,25,59,6,43,31,12,69,22,16,536,Cameron Payne,10,49,176,[<Position.POINT_GUARD: 'POINT GUARD'>],payneca01,20,Team.CHICAGO_BULLS,34
24,23,55,16,25,3,16,9,1,27,11,9,176,Cameron Payne,3,15,74,[<Position.POINT_GUARD: 'POINT GUARD'>],payneca01,8,Team.CLEVELAND_CAVALIERS,11
24,320,412,74,105,17,171,42,42,179,55,33,1250,Elfrid Payton,49,81,446,[<Position.POINT_GUARD: 'POINT GUARD'>],paytoel01,44,Team.NEW_ORLEANS_PELICANS,112
26,4,8,0,2,1,1,3,0,5,0,1,16,Gary Payton II,1,2,11,[<Position.POINT_GUARD: 'POINT GUARD'>],paytoga02,3,Team.WASHINGTON_WIZARDS,1
23,21,73,22,46,0,32,18,0,25,19,12,211,Theo Pinson,4,15,81,[<Position.SHOOTING_GUARD: 'SHOOTING GUARD'>],pinsoth01,6,Team.BROOKLYN_NETS,18
28,243,442,198,10,76,359,82,17,262,111,2,1731,Mason Plumlee,165,252,637,[<Position.CENTER: 'CENTER'>],plumlma01,66,Team.DENVER_NUGGETS,126
30,17,48,30,0,4,23,18,0,32,16,0,173,Miles Plumlee,16,14,80,[<Position.CENTER: 'CENTER'>],plumlmi01,6,Team.ATLANTA_HAWKS,10
23,93,290,92,0,68,232,77,24,187,49,0,1273,Jakob Pöltl,178,124,423,[<Position.CENTER: 'CENTER'>],poeltja01,29,Team.SAN_ANTONIO_SPURS,48
30,24,58,42,18,1,38,53,0,29,34,6,292,Quincy Pondexter,8,24,98,[<Position.SMALL_FORWARD: 'SMALL FORWARD'>],pondequ01,11,Team.SAN_ANTONIO_SPURS,13
25,80,442,64,176,22,191,41,28,202,49,65,1191,Otto Porter,40,79,518,[<Position.SMALL_FORWARD: 'SMALL FORWARD'>],porteot01,64,Team.WASHINGTON_WIZARDS,40
25,40,201,32,80,9,69,15,15,97,29,39,492,Otto Porter,14,29,262,[<Position.SMALL_FORWARD: 'SMALL FORWARD'>],porteot01,18,Team.CHICAGO_BULLS,25
23,29,271,50,72,8,115,22,6,122,39,27,531,Bobby Portis,46,61,310,[<Position.POWER_FORWARD: 'POWER FORWARD'>],portibo01,11,Team.CHICAGO_BULLS,29
23,43,357,47,119,12,179,28,22,157,38,48,768,Bobby Portis,63,84,400,[<Position.POWER_FORWARD: 'POWER FORWARD'>],portibo01,24,Team.WASHINGTON_WIZARDS,45
27,112,486,254,127,50,271,77,22,290,196,39,1662,Dwight Powell,140,201,815,[<Position.CENTER: 'CENTER'>],poweldw01,44,Team.DALLAS_MAVERICKS,67
25,91,400,75,170,13,123,60,3,193,62,68,1126,Norman Powell,16,96,516,[<Position.SHOOTING_GUARD: 'SHOOTING GUARD'>],powelno01,39,Team.TORONTO_RAPTORS,65
25,17,81,29,23,10,47,21,1,40,18,9,305,Alex Poythress,29,47,107,[<Position.POWER_FORWARD: 'POWER FORWARD'>],poythal01,4,Team.ATLANTA_HAWKS,13
23,0,1,0,0,0,0,1,0,1,0,0,1,Zhou Qi,0,0,2,[<Position.POWER_FORWARD: 'POWER FORWARD'>],qizh01,0,Team.HOUSTON_ROCKETS,0
21,54,212,69,15,14,136,49,13,116,49,3,721,Ivan Rabb,70,90,284,[<Position.POWER_FORWARD: 'POWER FORWARD'>],rabbiv01,17,Team.MEMPHIS_GRIZZLIES,35
25,97,217,62,115,3,46,49,2,91,43,46,743,Chasson Randle,10,91,271,[<Position.POINT_GUARD: 'POINT GUARD'>],randlch01,25,Team.WASHINGTON_WIZARDS,43
24,229,1089,487,195,45,472,73,49,571,356,67,2232,Julius Randle,162,246,1565,[<Position.POWER_FORWARD: 'POWER FORWARD'>],randlju01,52,Team.NEW_ORLEANS_PELICANS,208
34,206,1027,255,605,17,166,76,63,452,228,240,2379,J.J. Redick,20,129,1372,[<Position.SHOOTING_GUARD: 'SHOOTING GUARD'>],redicjj01,32,Team.PHILADELPHIA_76ERS,101
23,3,12,0,4,0,4,10,0,5,0,2,47,Davon Reed,2,3,12,[<Position.SHOOTING_GUARD: 'SHOOTING GUARD'>],reedda01,1,Team.INDIANA_PACERS,1
23,13,78,9,51,2,27,19,0,33,8,21,259,Cameron Reynolds,4,26,95,[<Position.SHOOTING_GUARD: 'SHOOTING GUARD'>],reynoca01,6,Team.MINNESOTA_TIMBERWOLVES,5
25,298,1026,231,460,34,209,73,73,423,199,164,2539,Josh Richardson,54,200,1209,[<Position.SHOOTING_GUARD: 'SHOOTING GUARD'>],richajo01,79,Team.MIAMI_HEAT,113
23,0,29,5,25,0,11,22,0,9,4,8,103,Malachi Richardson,2,13,30,[<Position.SHOOTING_GUARD: 'SHOOTING GUARD'>],richama01,1,Team.TORONTO_RAPTORS,8
26,58,194,46,106,10,61,29,2,76,25,33,683,Austin Rivers,10,72,210,[<Position.SHOOTING_GUARD: 'SHOOTING GUARD'>],riverau01,18,Team.WASHINGTON_WIZARDS,36
26,109,378,49,221,13,76,47,13,156,25,71,1345,Austin Rivers,15,135,408,[<Position.SHOOTING_GUARD: 'SHOOTING GUARD'>],riverau01,29,Team.HOUSTON_ROCKETS,32
23,6,32,14,2,6,14,7,0,19,9,0,95,Devin Robinson,6,11,47,[<Position.SMALL_FORWARD: 'SMALL FORWARD'>],robinde01,4,Team.WASHINGTON_WIZARDS,2
24,5,46,6,35,0,17,15,1,18,4,10,161,Duncan Robinson,2,11,50,[<Position.POWER_FORWARD: 'POWER FORWARD'>],robindu01,5,Team.MIAMI_HEAT,4
25,21,176,40,62,8,54,47,18,74,32,18,610,Glenn Robinson III,17,45,198,[<Position.SMALL_FORWARD: 'SMALL FORWARD'>],robingl02,14,Team.DETROIT_PISTONS,18
21,19,110,9,57,3,38,33,0,44,6,18,320,Jerome Robinson,3,46,112,[<Position.SHOOTING_GUARD: 'SHOOTING GUARD'>],robinje01,11,Team.LOS_ANGELES_CLIPPERS,13
20,37,291,135,0,161,246,66,19,202,81,0,1360,Mitchell Robinson,177,217,485,[<Position.CENTER: 'CENTER'>],robinmi01,52,Team.NEW_YORK_KNICKS,35
32,367,432,36,142,7,209,46,29,175,23,51,1369,Rajon Rondo,34,100,424,[<Position.POINT_GUARD: 'POINT GUARD'>],rondora01,57,Team.LOS_ANGELES_LAKERS,127
30,220,753,160,146,12,107,51,13,363,137,54,1392,Derrick Rose,33,57,917,[<Position.POINT_GUARD: 'POINT GUARD'>],rosede01,31,Team.MINNESOTA_TIMBERWOLVES,82
27,135,1027,144,566,29,253,81,0,440,126,217,2150,Terrence Ross,27,119,1223,[<Position.SHOOTING_GUARD: 'SHOOTING GUARD'>],rosste01,72,Team.ORLANDO_MAGIC,90
24,231,666,93,337,21,275,79,14,258,73,119,1791,Terry Rozier,32,101,708,[<Position.POINT_GUARD: 'POINT GUARD'>],roziete01,68,Team.BOSTON_CELTICS,68
28,416,730,228,254,10,210,68,67,295,195,79,1899,Ricky Rubio,33,180,864,[<Position.POINT_GUARD: 'POINT GUARD'>],rubiori01,91,Team.UTAH_JAZZ,180
22,563,1517,205,635,20,262,81,81,659,160,234,2448,D'Angelo Russell,53,141,1712,[<Position.POINT_GUARD: 'POINT GUARD'>],russeda01,100,Team.BROOKLYN_NETS,253
22,212,700,291,17,30,504,74,5,413,208,9,1838,Domantas Sabonis,186,239,1043,[<Position.CENTER: 'CENTER'>],sabondo01,48,Team.INDIANA_PACERS,160
21,10,60,6,29,3,13,14,2,28,4,11,214,Brandon Sampson,3,19,71,[<Position.SHOOTING_GUARD: 'SHOOTING GUARD'>],sampsbr01,8,Team.CHICAGO_BULLS,12
25,4,54,21,14,3,27,4,0,29,17,5,127,JaKarr Sampson,5,8,80,[<Position.SMALL_FORWARD: 'SMALL FORWARD'>],sampsja02,4,Team.CHICAGO_BULLS,4
24,26,132,30,70,3,65,13,13,48,27,21,396,Dario Šarić,21,39,144,[<Position.POWER_FORWARD: 'POWER FORWARD'>],saricda01,4,Team.PHILADELPHIA_76ERS,25
24,101,564,120,253,6,266,68,28,256,105,97,1627,Dario Šarić,105,143,714,[<Position.POWER_FORWARD: 'POWER FORWARD'>],saricda01,41,Team.MINNESOTA_TIMBERWOLVES,72
27,399,530,160,162,13,197,80,54,257,131,64,2164,Tomáš Satoranský,82,172,709,[<Position.POINT_GUARD: 'POINT GUARD'>],satorto01,82,Team.WASHINGTON_WIZARDS,120
25,323,1104,227,364,12,246,79,14,457,186,124,2314,Dennis Schröder,38,189,1224,[<Position.POINT_GUARD: 'POINT GUARD'>],schrode01,65,Team.OKLAHOMA_CITY_THUNDER,172
30,44,230,18,133,8,150,52,0,92,12,52,748,Mike Scott,24,88,248,[<Position.POWER_FORWARD: 'POWER FORWARD'>],scottmi01,17,Team.LOS_ANGELES_CLIPPERS,27
30,22,190,15,119,5,83,27,3,76,10,49,647,Mike Scott,19,68,211,[<Position.POWER_FORWARD: 'POWER FORWARD'>],scottmi01,9,Team.PHILADELPHIA_76ERS,17
34,27,149,22,78,5,115,50,2,71,14,34,609,Thabo Sefolosha,8,41,190,[<Position.SMALL_FORWARD: 'SMALL FORWARD'>],sefolth01,43,Team.UTAH_JAZZ,25
24,36,161,29,63,6,28,32,0,65,22,20,455,Wayne Selden,16,48,172,[<Position.SHOOTING_GUARD: 'SHOOTING GUARD'>],seldewa01,10,Team.MEMPHIS_GRIZZLIES,23
24,73,322,63,111,7,115,43,13,131,45,35,984,Wayne Selden,21,83,342,[<Position.SHOOTING_GUARD: 'SHOOTING GUARD'>],seldewa01,23,Team.CHICAGO_BULLS,56
20,243,1206,255,296,6,179,82,72,519,214,119,2605,Collin Sexton,57,186,1371,[<Position.POINT_GUARD: 'POINT GUARD'>],sextoco01,44,Team.CLEVELAND_CAVALIERS,185
21,59,347,54,245,8,64,54,4,153,44,99,1108,Landry Shamet,14,106,449,[<Position.SHOOTING_GUARD: 'SHOOTING GUARD'>],shamela01,24,Team.PHILADELPHIA_76ERS,26
21,58,210,39,151,2,49,25,23,87,31,68,694,Landry Shamet,7,49,273,[<Position.SHOOTING_GUARD: 'SHOOTING GUARD'>],shamela01,13,Team.LOS_ANGELES_CLIPPERS,19
28,91,348,41,202,20,110,42,40,133,34,74,1099,Iman Shumpert,19,92,374,[<Position.SHOOTING_GUARD: 'SHOOTING GUARD'>],shumpim01,47,Team.SACRAMENTO_KINGS,38
28,21,98,4,71,4,46,20,1,34,2,21,382,Iman Shumpert,8,35,91,[<Position.SHOOTING_GUARD: 'SHOOTING GUARD'>],shumpim01,12,Team.HOUSTON_ROCKETS,12
24,248,945,302,214,52,425,80,79,519,237,79,2548,Pascal Siakam,124,241,1354,[<Position.POWER_FORWARD: 'POWER FORWARD'>],siakapa01,73,Team.TORONTO_RAPTORS,154
26,0,1,0,1,0,0,1,0,1,0,1,4,Jordan Sibert,0,0,3,[<Position.SHOOTING_GUARD: 'SHOOTING GUARD'>],siberjo01,0,Team.ATLANTA_HAWKS,0
22,610,960,428,6,61,525,79,79,540,257,0,2700,Ben Simmons,172,209,1337,[<Position.POINT_GUARD: 'POINT GUARD'>],simmobe01,112,Team.PHILADELPHIA_76ERS,274
29,95,286,72,83,14,77,41,9,104,56,19,845,Jonathon Simmons,23,68,283,[<Position.SHOOTING_GUARD: 'SHOOTING GUARD'>],simmojo02,18,Team.ORLANDO_MAGIC,56
29,33,64,25,21,1,22,15,0,29,16,9,219,Jonathon Simmons,4,21,83,[<Position.SMALL_FORWARD: 'SMALL FORWARD'>],simmojo02,11,Team.PHILADELPHIA_76ERS,12
21,0,0,0,0,0,0,1,0,0,0,0,2,Kobi Simmons,0,0,0,[<Position.POINT_GUARD: 'POINT GUARD'>],simmoko01,0,Team.CLEVELAND_CAVALIERS,0
19,13,63,16,29,0,10,20,1,28,9,10,141,Anfernee Simons,3,9,75,[<Position.SHOOTING_GUARD: 'SHOOTING GUARD'>],simonan01,1,Team.PORTLAND_TRAIL_BLAZERS,11
24,321,567,129,346,28,177,80,60,239,104,126,2200,Marcus Smart,57,201,708,[<Position.SHOOTING_GUARD: 'SHOOTING GUARD'>],smartma01,143,Team.BOSTON_CELTICS,123
21,138,357,82,125,11,79,32,32,157,57,43,908,Dennis Smith Jr.,18,82,414,[<Position.POINT_GUARD: 'POINT GUARD'>],smithde03,40,Team.DALLAS_MAVERICKS,100
21,114,293,74,83,9,44,21,18,121,42,24,600,Dennis Smith Jr.,14,47,308,[<Position.POINT_GUARD: 'POINT GUARD'>],smithde03,27,Team.NEW_YORK_KNICKS,54
30,203,489,62,135,11,122,56,0,205,47,44,1251,Ish Smith,23,109,501,[<Position.POINT_GUARD: 'POINT GUARD'>],smithis01,28,Team.DETROIT_PISTONS,61
33,21,79,10,39,3,18,11,4,27,8,12,222,J.R. Smith,0,19,74,[<Position.SHOOTING_GUARD: 'SHOOTING GUARD'>],smithjr01,11,Team.CLEVELAND_CAVALIERS,11
32,12,37,12,10,5,26,12,1,15,10,4,130,Jason Smith,11,21,44,[<Position.CENTER: 'CENTER'>],smithja02,1,Team.WASHINGTON_WIZARDS,7
32,1,13,2,9,2,8,6,0,4,2,3,40,Jason Smith,3,6,13,[<Position.POWER_FORWARD: 'POWER FORWARD'>],smithja02,2,Team.MILWAUKEE_BUCKS,5
32,1,9,2,7,0,2,2,0,2,2,2,20,Jason Smith,2,3,8,[<Position.CENTER: 'CENTER'>],smithja02,0,Team.NEW_ORLEANS_PELICANS,1
19,10,34,8,16,2,10,6,2,14,6,6,111,Zhaire Smith,3,8,40,[<Position.SHOOTING_GUARD: 'SHOOTING GUARD'>],smithzh01,2,Team.PHILADELPHIA_76ERS,6
27,68,361,42,204,18,128,74,12,163,37,81,1304,Tony Snell,29,90,444,[<Position.SMALL_FORWARD: 'SMALL FORWARD'>],snellto01,26,Team.MILWAUKEE_BUCKS,23
21,0,0,0,0,0,0,1,0,0,0,0,1,Ray Spalding,0,0,0,[<Position.POWER_FORWARD: 'POWER FORWARD'>],spaldra01,0,Team.DALLAS_MAVERICKS,0
21,5,47,12,3,8,33,13,3,25,4,0,147,Ray Spalding,15,23,54,[<Position.POWER_FORWARD: 'POWER FORWARD'>],spaldra01,9,Team.PHOENIX_SUNS,9
21,47,244,45,128,25,122,46,11,98,32,44,805,Omari Spellman,72,67,272,[<Position.POWER_FORWARD: 'POWER FORWARD'>],spellom01,26,Team.ATLANTA_HAWKS,31
25,62,229,36,125,4,70,44,0,96,32,43,673,Nik Stauskas,10,31,267,[<Position.SHOOTING_GUARD: 'SHOOTING GUARD'>],stausni01,14,Team.PORTLAND_TRAIL_BLAZERS,40
25,19,109,28,63,3,39,24,0,40,25,27,342,Nik Stauskas,8,19,132,[<Position.SHOOTING_GUARD: 'SHOOTING GUARD'>],stausni01,7,Team.CLEVELAND_CAVALIERS,11
28,0,2,0,0,0,0,1,0,1,0,0,7,D.J. Stephens,0,0,2,[<Position.SHOOTING_GUARD: 'SHOOTING GUARD'>],stephdj01,1,Team.MEMPHIS_GRIZZLIES,1
28,140,432,73,197,7,183,68,3,184,50,73,1123,Lance Stephenson,32,111,491,[<Position.SHOOTING_GUARD: 'SHOOTING GUARD'>],stephla01,41,Team.LOS_ANGELES_LAKERS,86
23,10,64,24,27,5,15,23,2,22,15,7,210,Edmond Sumner,9,26,66,[<Position.POINT_GUARD: 'POINT GUARD'>],sumneed01,12,Team.INDIANA_PACERS,10
21,7,44,7,5,0,39,18,0,14,6,1,145,Caleb Swanigan,13,22,35,[<Position.POWER_FORWARD: 'POWER FORWARD'>],swanica01,4,Team.PORTLAND_TRAIL_BLAZERS,16
21,4,9,2,2,1,8,3,0,4,0,0,33,Caleb Swanigan,4,6,8,[<Position.POWER_FORWARD: 'POWER FORWARD'>],swanica01,2,Team.SACRAMENTO_KINGS,2
20,168,1036,228,311,57,407,79,79,466,195,116,2455,Jayson Tatum,70,168,1243,[<Position.SMALL_FORWARD: 'SMALL FORWARD'>],tatumja01,84,Team.BOSTON_CELTICS,122
30,343,416,153,105,18,90,42,41,176,123,35,1264,Jeff Teague,16,90,510,[<Position.POINT_GUARD: 'POINT GUARD'>],teaguje01,43,Team.MINNESOTA_TIMBERWOLVES,97
32,69,387,76,210,25,134,49,49,166,57,74,1530,Garrett Temple,18,134,463,[<Position.SHOOTING_GUARD: 'SHOOTING GUARD'>],templga01,50,Team.MEMPHIS_GRIZZLIES,54
32,37,106,31,54,5,54,26,6,42,23,16,510,Garrett Temple,10,70,123,[<Position.SHOOTING_GUARD: 'SHOOTING GUARD'>],templga01,26,Team.LOS_ANGELES_CLIPPERS,16
31,32,40,7,27,1,13,15,0,17,4,10,150,Miloš Teodosić,3,27,48,[<Position.POINT_GUARD: 'POINT GUARD'>],teodomi01,3,Team.LOS_ANGELES_CLIPPERS,21
23,12,39,6,17,2,5,14,0,12,3,4,111,Jared Terrell,1,16,31,[<Position.SHOOTING_GUARD: 'SHOOTING GUARD'>],terreja01,3,Team.MINNESOTA_TIMBERWOLVES,10
22,1,6,2,0,0,4,2,0,4,1,0,20,Emanuel Terry,2,4,9,[<Position.POWER_FORWARD: 'POWER FORWARD'>],terryem01,3,Team.PHOENIX_SUNS,2
22,1,1,2,0,0,0,1,0,0,1,0,3,Emanuel Terry,1,0,1,[<Position.POWER_FORWARD: 'POWER FORWARD'>],terryem01,0,Team.MIAMI_HEAT,0
26,68,266,76,67,42,138,66,2,146,56,26,908,Daniel Theis,87,161,374,[<Position.CENTER: 'CENTER'>],theisda01,21,Team.BOSTON_CELTICS,33
29,23,99,27,43,1,8,12,0,34,17,12,181,Isaiah Thomas,5,17,97,[<Position.SHOOTING_GUARD: 'SHOOTING GUARD'>],thomais02,5,Team.DENVER_NUGGETS,18
22,8,69,11,35,5,16,26,0,22,7,10,195,Khyri Thomas,4,22,61,[<Position.SHOOTING_GUARD: 'SHOOTING GUARD'>],thomakh01,7,Team.DETROIT_PISTONS,4
30,27,197,36,79,7,96,46,17,78,27,22,783,Lance Thomas,21,83,205,[<Position.POWER_FORWARD: 'POWER FORWARD'>],thomala01,17,Team.NEW_YORK_KNICKS,24
28,186,1402,158,599,47,262,78,78,655,129,241,2652,Klay Thompson,37,157,1680,[<Position.SHOOTING_GUARD: 'SHOOTING GUARD'>],thompkl01,84,Team.GOLDEN_STATE_WARRIORS,115
27,86,380,106,0,16,265,43,40,201,68,0,1198,Tristan Thompson,173,89,470,[<Position.CENTER: 'CENTER'>],thomptr01,28,Team.CLEVELAND_CAVALIERS,59
24,18,49,34,15,7,39,64,1,17,25,3,313,Sindarius Thornwell,5,41,62,[<Position.SHOOTING_GUARD: 'SHOOTING GUARD'>],thornsi01,14,Team.LOS_ANGELES_CLIPPERS,20
33,46,259,60,215,21,162,65,0,99,47,81,1079,Anthony Tolliver,15,91,326,[<Position.POWER_FORWARD: 'POWER FORWARD'>],tollian01,17,Team.MINNESOTA_TIMBERWOLVES,36
23,259,1314,450,355,125,691,77,77,681,376,142,2545,Karl-Anthony Towns,263,292,1880,[<Position.CENTER: 'CENTER'>],townska01,67,Team.MINNESOTA_TIMBERWOLVES,240
20,5,50,7,21,2,10,15,1,16,3,5,111,Gary Trent Jr.,1,4,40,[<Position.SHOOTING_GUARD: 'SHOOTING GUARD'>],trentga02,1,Team.PORTLAND_TRAIL_BLAZERS,4
23,119,518,223,132,14,166,64,3,232,179,52,1459,Allonzo Trier,31,117,695,[<Position.SHOOTING_GUARD: 'SHOOTING GUARD'>],trieral01,28,Team.NEW_YORK_KNICKS,116
33,96,523,59,387,39,358,82,82,207,41,146,2802,P.J. Tucker,121,252,601,[<Position.POWER_FORWARD: 'POWER FORWARD'>],tuckepj01,132,Team.HOUSTON_ROCKETS,63
30,283,443,106,52,18,291,73,2,204,75,11,1605,Evan Turner,37,110,494,[<Position.POINT_GUARD: 'POINT GUARD'>],turneev01,33,Team.PORTLAND_TRAIL_BLAZERS,114
22,115,780,201,196,199,430,74,74,380,148,76,2119,Myles Turner,101,195,984,[<Position.CENTER: 'CENTER'>],turnemy01,60,Team.INDIANA_PACERS,100
31,28,72,30,0,31,63,51,1,50,19,0,320,Ekpe Udoh,27,36,119,[<Position.CENTER: 'CENTER'>],udohek01,10,Team.UTAH_JAZZ,13
23,0,0,0,0,0,0,1,0,0,0,0,1,Tyler Ulis,0,0,0,[<Position.POINT_GUARD: 'POINT GUARD'>],ulisty01,0,Team.CHICAGO_BULLS,0
26,29,259,94,30,23,162,30,10,149,77,9,564,Jonas Valančiūnas,54,82,384,[<Position.CENTER: 'CENTER'>],valanjo01,13,Team.TORONTO_RAPTORS,39
26,41,279,91,18,30,151,19,17,152,70,5,527,Jonas Valančiūnas,52,64,379,[<Position.CENTER: 'CENTER'>],valanjo01,6,Team.MEMPHIS_GRIZZLIES,51
19,3,19,10,1,1,16,17,0,9,6,0,69,Jarred Vanderbilt,7,8,24,[<Position.POWER_FORWARD: 'POWER FORWARD'>],vandeja01,6,Team.DENVER_NUGGETS,8
24,307,600,115,296,20,146,64,28,246,97,112,1760,Fred VanVleet,21,110,701,[<Position.POINT_GUARD: 'POINT GUARD'>],vanvlfr01,57,Team.TORONTO_RAPTORS,82
23,129,440,156,137,51,415,68,57,207,111,46,1722,Noah Vonleh,113,174,571,[<Position.POWER_FORWARD: 'POWER FORWARD'>],vonleno01,46,Team.NEW_YORK_KNICKS,88
28,307,1354,227,231,89,736,80,80,701,179,84,2510,Nikola Vučević,224,157,1665,[<Position.CENTER: 'CENTER'>],vucevni01,81,Team.ORLANDO_MAGIC,159
37,301,960,233,261,38,216,72,2,416,165,86,1885,Dwyane Wade,69,118,1083,[<Position.SHOOTING_GUARD: 'SHOOTING GUARD'>],wadedw01,59,Team.MIAMI_HEAT,166
21,24,171,53,77,13,68,43,5,71,43,22,446,Moritz Wagner,17,57,207,[<Position.CENTER: 'CENTER'>],wagnemo01,11,Team.LOS_ANGELES_LAKERS,39
27,121,478,44,289,9,109,44,28,198,22,109,1138,Dion Waiters,7,72,527,[<Position.SHOOTING_GUARD: 'SHOOTING GUARD'>],waitedi01,29,Team.MIAMI_HEAT,64
28,484,1684,450,731,34,309,82,82,731,380,260,2863,Kemba Walker,52,131,2102,[<Position.POINT_GUARD: 'POINT GUARD'>],walkeke02,102,Team.CHARLOTTE_HORNETS,211
20,9,46,10,13,3,17,17,0,16,8,5,118,Lonnie Walker,0,7,45,[<Position.SHOOTING_GUARD: 'SHOOTING GUARD'>],walkelo01,7,Team.SAN_ANTONIO_SPURS,4
28,279,552,175,169,29,101,32,32,245,122,51,1104,John Wall,15,71,663,[<Position.POINT_GUARD: 'POINT GUARD'>],walljo01,49,Team.WASHINGTON_WIZARDS,121
24,42,217,57,19,7,81,62,0,92,30,4,628,Tyrone Wallace,20,83,218,[<Position.POINT_GUARD: 'POINT GUARD'>],wallaty01,21,Team.LOS_ANGELES_CLIPPERS,36
24,118,594,116,315,19,177,55,47,262,95,123,1552,Taurean Prince,22,141,742,[<Position.SMALL_FORWARD: 'SMALL FORWARD'>],princta02,53,Team.ATLANTA_HAWKS,100
29,56,105,28,39,2,38,36,0,50,24,16,343,Brad Wanamaker,3,34,140,[<Position.POINT_GUARD: 'POINT GUARD'>],wanambr01,12,Team.BOSTON_CELTICS,19
25,64,611,124,180,29,143,43,36,297,101,77,1360,T.J. Warren,31,119,772,[<Position.SMALL_FORWARD: 'SMALL FORWARD'>],warretj01,51,Team.PHOENIX_SUNS,52
27,14,48,4,24,2,33,18,3,16,3,5,254,Julian Washburn,8,16,40,[<Position.SMALL_FORWARD: 'SMALL FORWARD'>],washbju01,13,Team.MEMPHIS_GRIZZLIES,7
24,8,51,10,16,1,27,15,0,15,7,2,174,Yuta Watanabe,4,11,39,[<Position.SMALL_FORWARD: 'SMALL FORWARD'>],watanyu01,4,Team.MEMPHIS_GRIZZLIES,6
22,5,13,2,7,0,4,11,0,7,1,3,36,Thomas Welsh,0,3,18,[<Position.CENTER: 'CENTER'>],welshth01,0,Team.DENVER_NUGGETS,1
30,784,1473,451,411,33,698,73,73,630,296,119,2630,Russell Westbrook,109,245,1675,[<Position.POINT_GUARD: 'POINT GUARD'>],westbru01,142,Team.OKLAHOMA_CITY_THUNDER,325
24,263,543,123,142,47,212,67,55,260,95,48,1728,Derrick White,35,145,663,[<Position.POINT_GUARD: 'POINT GUARD'>],whitede01,67,Team.SAN_ANTONIO_SPURS,97
26,0,2,0,2,0,1,3,0,0,0,0,6,Okaro White,1,0,0,[<Position.POWER_FORWARD: 'POWER FORWARD'>],whiteok01,0,Team.WASHINGTON_WIZARDS,0
29,56,680,243,16,136,560,72,53,388,109,2,1674,Hassan Whiteside,257,192,887,[<Position.CENTER: 'CENTER'>],whiteha01,46,Team.MIAMI_HEAT,97
23,184,1209,296,348,48,269,73,73,498,207,118,2543,Andrew Wiggins,83,153,1321,[<Position.SMALL_FORWARD: 'SMALL FORWARD'>],wiggian01,70,Team.MINNESOTA_TIMBERWOLVES,138
26,3,13,4,1,0,15,5,0,8,2,0,26,Alan Williams,4,2,18,[<Position.POWER_FORWARD: 'POWER FORWARD'>],willial03,1,Team.BROOKLYN_NETS,1
28,12,35,1,16,0,7,15,0,17,0,5,128,C.J. Williams,1,16,39,[<Position.SHOOTING_GUARD: 'SHOOTING GUARD'>],willicj01,6,Team.MINNESOTA_TIMBERWOLVES,5
23,13,110,48,2,7,51,24,0,65,27,0,372,Johnathan Williams,48,62,157,[<Position.CENTER: 'CENTER'>],willijo04,8,Team.LOS_ANGELES_LAKERS,16
24,83,279,19,156,19,164,46,29,107,13,52,1079,Kenrich Williams,55,95,279,[<Position.SMALL_FORWARD: 'SMALL FORWARD'>],willike04,45,Team.NEW_ORLEANS_PELICANS,36
32,402,1138,485,291,11,182,75,1,484,425,105,1993,Lou Williams,40,80,1498,[<Position.SHOOTING_GUARD: 'SHOOTING GUARD'>],willilo02,57,Team.LOS_ANGELES_CLIPPERS,181
32,92,652,86,382,61,331,75,75,275,66,140,2133,Marvin Williams,76,156,756,[<Position.POWER_FORWARD: 'POWER FORWARD'>],willima02,71,Team.CHARLOTTE_HORNETS,47
21,7,51,15,0,40,54,32,2,36,9,0,283,Robert Williams,27,36,81,[<Position.CENTER: 'CENTER'>],williro04,9,Team.BOSTON_CELTICS,10
24,11,98,15,44,8,47,21,0,44,9,14,312,Troy Williams,12,37,111,[<Position.SMALL_FORWARD: 'SMALL FORWARD'>],willitr02,10,Team.SACRAMENTO_KINGS,9
22,52,251,47,127,20,177,48,3,104,26,46,882,D.J. Wilson,45,85,280,[<Position.POWER_FORWARD: 'POWER FORWARD'>],wilsodj01,18,Team.MILWAUKEE_BUCKS,32
22,282,749,137,256,19,292,66,52,324,86,96,1959,Justise Winslow,63,177,830,[<Position.SMALL_FORWARD: 'SMALL FORWARD'>],winslju01,72,Team.MIAMI_HEAT,142
23,2,25,15,5,0,16,13,0,12,10,3,62,Christian Wood,4,3,37,[<Position.POWER_FORWARD: 'POWER FORWARD'>],woodch01,0,Team.MILWAUKEE_BUCKS,3
23,6,92,41,21,10,50,8,2,49,31,6,189,Christian Wood,13,14,135,[<Position.POWER_FORWARD: 'POWER FORWARD'>],woodch01,7,Team.NEW_ORLEANS_PELICANS,14
26,110,293,61,90,15,86,49,2,127,53,30,897,Delon Wright,39,53,337,[<Position.POINT_GUARD: 'POINT GUARD'>],wrighde01,46,Team.TORONTO_RAPTORS,37
26,138,265,89,78,15,112,26,11,115,66,20,802,Delon Wright,29,50,316,[<Position.POINT_GUARD: 'POINT GUARD'>],wrighde01,42,Team.MEMPHIS_GRIZZLIES,40
23,15,77,22,28,7,30,41,1,35,15,9,251,Guerschon Yabusele,23,32,94,[<Position.POWER_FORWARD: 'POWER FORWARD'>],yabusgu01,8,Team.BOSTON_CELTICS,15
33,2,9,0,8,1,1,4,0,3,0,3,37,Nick Young,0,4,9,[<Position.SHOOTING_GUARD: 'SHOOTING GUARD'>],youngni01,0,Team.DENVER_NUGGETS,2
30,204,841,135,146,36,331,81,81,443,87,51,2489,Thaddeus Young,192,194,1024,[<Position.POWER_FORWARD: 'POWER FORWARD'>],youngth01,123,Team.INDIANA_PACERS,123
20,653,1256,414,482,15,237,81,81,525,343,156,2503,Trae Young,64,140,1549,[<Position.POINT_GUARD: 'POINT GUARD'>],youngtr01,72,Team.ATLANTA_HAWKS,308
26,102,345,141,22,41,223,49,47,190,111,6,1243,Cody Zeller,110,164,497,[<Position.CENTER: 'CENTER'>],zelleco01,38,Team.CHARLOTTE_HORNETS,62
29,1,2,0,1,0,4,2,0,0,0,0,11,Tyler Zeller,2,4,0,[<Position.CENTER: 'CENTER'>],zellety01,0,Team.ATLANTA_HAWKS,0
29,3,28,18,0,3,9,4,1,16,14,0,82,Tyler Zeller,9,16,46,[<Position.CENTER: 'CENTER'>],zellety01,1,Team.MEMPHIS_GRIZZLIES,4
22,53,331,132,0,22,212,59,25,183,93,0,1082,Ante Žižić,108,113,459,[<Position.CENTER: 'CENTER'>],zizican01,13,Team.CLEVELAND_CAVALIERS,61
21,25,193,66,0,27,108,33,12,112,57,0,516,Ivica Zubac,54,73,281,[<Position.CENTER: 'CENTER'>],zubaciv01,4,Team.LOS_ANGELES_LAKERS,33
21,38,186,60,0,24,139,26,25,100,44,0,524,Ivica Zubac,61,64,244,[<Position.CENTER: 'CENTER'>],zubaciv01,10,Team.LOS_ANGELES_CLIPPERS,37
