Player,Team,Position,Salary,FantasyScore,C,PF,PG,SF,SG
James Harden,HOU,"PG,SG",37800000 ,15.84,0,0,1,0,1
Anthony Davis,LAL,"PF,C",27093019 ,14.52,1,1,0,0,0
Damian Lillard,POR,PG,29802321 ,11.67,0,0,1,0,0
Kawhi Leonard,LAC,"SG,SF",32742000 ,11.6,0,0,0,1,1
Karl-Anthony Towns?,MIN,C,27250000 ,11.55,1,0,0,0,0
Kyrie Irving?,BKN,"PG,SG",31742000 ,11.47,0,0,1,0,1
Trae Young,ATL,PG,6273000 ,10.06,0,0,1,0,0
Nikola Jokic,DEN,"PF,C",26573595 ,9.8,1,1,0,0,0
Hassan Whiteside,POR,C,27093018 ,9.53,1,0,0,0,0
Bradley Beal,WAS,SG,27093019 ,9.49,0,0,0,0,1
John Collins?,ATL,"PF,C",2686560 ,9.46,1,1,0,0,0
LeBron James,LAL,"PG,SF,PF",37436858 ,9.32,0,1,1,1,0
Devin Booker,PHO,"PG,SG",27250000 ,8.7,0,0,1,0,1
Luka Doncic,DAL,"PG,SG,SF",7683360 ,8.4,0,0,1,1,1
Joel Embiid?,PHI,"PF,C",27504630 ,8.33,1,1,0,0,0
Russell Westbrook,HOU,PG,38178000 ,7.99,0,0,1,0,0
Stephen Curry?,GSW,"PG,SG",40231758 ,7.83,0,0,1,0,1
Giannis Antetokounmpo?,MIL,"SF,PF",25842697 ,7.71,0,1,0,1,0
Chris Paul,OKC,PG,38506482 ,7.57,0,0,1,0,0
Brandon Ingram,NOP,"SG,SF,PF",7265485 ,7.57,0,1,0,1,1
Jimmy Butler?,MIA,"SG,SF",32742000 ,7.54,0,0,0,1,1
Jayson Tatum,BOS,"SF,PF",7830000 ,7.46,0,1,0,1,0
Kyle Lowry,TOR,PG,33296296 ,7.37,0,0,1,0,0
Deandre Ayton?,PHO,C,9562920 ,7.23,1,0,0,0,0
Zach LaVine?,CHI,"PG,SG,SF",19500000 ,6.87,0,0,1,1,1
Andre Drummond,CLE,"PF,C",27093019 ,6.72,1,1,0,0,0
Jonathan Isaac?,ORL,"SF,PF",5806440 ,6.64,0,1,0,1,0
Pascal Siakam,TOR,PF,2351839 ,6.64,0,1,0,0,0
Paul George,LAC,"SF,PF",33005556 ,6.63,0,1,0,1,0
Ben Simmons?,PHI,PG,8113930 ,6.52,0,0,1,0,0
Jrue Holiday,NOP,"PG,SG",26131111 ,6.48,0,0,1,0,1
Kristaps Porzingis,DAL,"PF,C",27285000 ,6.44,1,1,0,0,0
Nikola Vucevic,ORL,"PF,C",28000000 ,6.3,1,1,0,0,0
LaMarcus Aldridge,SAS,"PF,C",26000000 ,6.3,1,1,0,0,0
Khris Middleton,MIL,"SG,SF",30603448 ,6.22,0,0,0,1,1
Bam Adebayo,MIA,"PF,C",3454080 ,6,1,1,0,0,0
Clint Capela?,ATL,"PF,C",16456522 ,5.86,1,1,0,0,0
Fred VanVleet?,TOR,"PG,SG",9000000 ,5.81,0,0,1,0,1
Rudy Gobert,UTA,C,25008427 ,5.74,1,0,0,0,0
Kemba Walker?,BOS,PG,32742000 ,5.49,0,0,1,0,0
DeMar DeRozan,SAS,"SG,SF",27739975 ,5.48,0,0,0,1,1
Richaun Holmes,SAC,"PF,C",4767000 ,5.44,1,1,0,0,0
D'Angelo Russell,MIN,"PG,SG",27285000 ,5.26,0,0,1,0,1
Donovan Mitchell,UTA,"PG,SG",3635760 ,5.24,0,0,1,0,1
Domantas Sabonis,IND,"PF,C",3529555 ,5.19,1,1,0,0,0
Robert Covington,HOU,"SF,PF,C",11301219 ,4.86,1,1,0,1,0
Ricky Rubio,PHO,PG,16190476 ,4.69,0,0,1,0,0
Jamal Murray,DEN,"PG,SG",4444746 ,4.67,0,0,1,0,1
Kevin Love,CLE,"PF,C",28900000 ,4.47,1,1,0,0,0
Jonas Valanciunas,MEM,C,16000000 ,4.47,1,0,0,0,0
Gordon Hayward,BOS,"SG,SF",32700690 ,4.38,0,0,0,1,1
Buddy Hield,SAC,SG,4861208 ,4.37,0,0,0,0,1
Shai Gilgeous-Alexander?,OKC,"PG,SG,SF",3952920 ,4.23,0,0,1,1,1
Danilo Gallinari,OKC,"SF,PF",22615559 ,4.02,0,1,0,1,0
Myles Turner,IND,"PF,C",18000000 ,4,1,1,0,0,0
CJ McCollum,POR,"PG,SG",27556959 ,3.95,0,0,1,0,1
Tobias Harris,PHI,"SF,PF",31034483 ,3.85,0,1,0,1,0
Lonzo Ball,NOP,PG,8719320 ,3.74,0,0,1,0,0
Norman Powell?,TOR,"SG,SF",10116576 ,3.66,0,0,0,1,1
Kelly Oubre Jr.?,PHO,"SF,PF",15625000 ,3.63,0,1,0,1,0
Jaren Jackson Jr.?,MEM,"PF,C",6927480 ,3.52,1,1,0,0,0
Jaylen Brown?,BOS,"SG,SF",6534829 ,3.5,0,0,0,1,1
Devonte' Graham,CHA,"PG,SG",1416852 ,3.43,0,0,1,0,1
Brook Lopez,MIL,C,12093024 ,3.42,1,0,0,0,0
Mitchell Robinson,NYK,C,1559712 ,3.33,1,0,0,0,0
Marcus Smart,BOS,"PG,SG",12553471 ,3.25,0,0,1,0,1
T.J. Warren,IND,"SF,PF",10810000 ,3.22,0,1,0,1,0
Will Barton,DEN,"SG,SF",12960000 ,3.22,0,0,0,1,1
Eric Bledsoe?,MIL,"PG,SG",15625000 ,3.19,0,0,1,0,1
Evan Fournier?,ORL,"SG,SF",17000000 ,3.18,0,0,0,1,1
Terry Rozier,CHA,"PG,SG",19894737 ,3.01,0,0,1,0,1
Al Horford,PHI,"PF,C",28000000 ,2.93,1,1,0,0,0
Malcolm Brogdon?,IND,"PG,SG",20000000 ,2.92,0,0,1,0,1
Davis Bertans,WAS,"PF,C",7000000 ,2.9,1,1,0,0,0
De'Aaron Fox,SAC,PG,6392760 ,2.89,0,0,1,0,0
Bojan Bogdanovic,UTA,"SG,SF,PF",17000000 ,2.85,0,1,0,1,1
Draymond Green?,GSW,"PF,C",18539130 ,2.84,1,1,0,0,0
Ja Morant,MEM,PG,8730240 ,2.74,0,0,1,0,0
Serge Ibaka,TOR,"PF,C",23271604 ,2.66,1,1,0,0,0
Dejounte Murray?,SAS,PG,4444746 ,2.66,0,0,1,0,0
Andrew Wiggins,GSW,"SG,SF",27504630 ,2.51,0,0,0,1,1
Collin Sexton,CLE,"PG,SG",4764960 ,2.45,0,0,1,0,1
Derrick Rose?,DET,"PG,SG",7317073 ,2.43,0,0,1,0,1
Nerlens Noel,OKC,"PF,C",2028594 ,2.3,1,1,0,0,0
Dennis Schroder,OKC,PG,15500000 ,2.28,0,0,1,0,0
Nemanja Bjelica,SAC,PF,6825000 ,2.23,0,1,0,0,0
Jabari Parker,SAC,"SF,PF",6500000 ,2.22,0,1,0,1,0
Lou Williams?,LAC,"PG,SG",8000000 ,1.91,0,0,1,0,1
Alec Burks,PHI,"PG,SG",2320044 ,1.89,0,0,1,0,1
Mikal Bridges,PHO,"SG,SF",4161000 ,1.87,0,0,0,1,1
Brandon Clarke?,MEM,"PF,C",2478840 ,1.78,1,1,0,0,0
Daniel Theis,BOS,"PF,C",5000000 ,1.76,1,1,0,0,0
OG Anunoby,TOR,"SF,PF",2281800 ,1.74,0,1,0,1,0
Luke Kennard?,DET,SG,3827160 ,1.7,0,0,0,0,1
Steven Adams,OKC,C,25842697 ,1.69,1,0,0,0,0
Montrezl Harrell,LAC,"PF,C",6000000 ,1.63,1,1,0,0,0
Derrick Favors,NOP,"PF,C",17650000 ,1.54,1,1,0,0,0
Paul Millsap,DEN,"PF,C",30500000 ,1.51,1,1,0,0,0
Marcus Morris Sr.,LAC,"SF,PF",15000000 ,1.48,0,1,0,1,0
Julius Randle,NYK,"PF,C",18000000 ,1.45,1,1,0,0,0
Larry Nance Jr.,CLE,"PF,C",12727273 ,1.43,1,1,0,0,0
Spencer Dinwiddie,BKN,PG,10600000 ,1.39,0,0,1,0,0
Thomas Bryant,WAS,C,7936508 ,1.36,1,0,0,0,0
Jarrett Allen,BKN,"PF,C",2376840 ,1.33,1,1,0,0,0
Jeremy Lamb?,IND,"SG,SF",10500000 ,1.27,0,0,0,1,1
Wendell Carter Jr.,CHI,C,5201400 ,1.26,1,0,0,0,0
Lauri Markkanen,CHI,PF,5300400 ,1.26,0,1,0,0,0
Zion Williamson,NOP,PF,9757440 ,1.24,0,1,0,0,0
Kris Dunn?,CHI,"PG,SG,SF",5348007 ,1.24,0,0,1,1,1
Kevin Huerter?,ATL,"SG,SF",2636280 ,1.21,0,0,0,1,1
Elfrid Payton,NYK,PG,8000000 ,1.1,0,0,1,0,0
Duncan Robinson,MIA,"SG,SF,PF",1416852 ,1.06,0,1,0,1,1
Derrick White,SAS,"PG,SG",1948080 ,1.05,0,0,1,0,1
Christian Wood,DET,"PF,C",1645357 ,1.01,1,1,0,0,0
Marc Gasol?,TOR,C,25595700 ,0.98,1,0,0,0,0
Marquese Chriss,GSW,"PF,C",758804 ,0.93,1,1,0,0,0
Aaron Gordon,ORL,"SF,PF",19863636 ,0.87,0,1,0,1,0
JJ Redick?,NOP,SG,13486300 ,0.87,0,0,0,0,1
Carmelo Anthony,POR,"SF,PF",2159029 ,0.82,0,1,0,1,0
DeAndre Jordan,BKN,C,9881598 ,0.81,1,0,0,0,0
P.J. Tucker,HOU,"SF,PF,C",8349039 ,0.8,1,1,0,1,0
Patrick Beverley,LAC,"PG,SG",12345679 ,0.79,0,0,1,0,1
Jae Crowder?,MIA,"SF,PF",7815533 ,0.79,0,1,0,1,0
Donte DiVincenzo,MIL,"PG,SG",2905800 ,0.76,0,0,1,0,1
Shabazz Napier,WAS,"PG,SG",1882867 ,0.73,0,0,1,0,1
Terrence Ross,ORL,"SG,SF",12500000 ,0.68,0,0,0,1,1
Danuel House Jr.,HOU,"SG,SF,PF",3540000 ,0.62,0,1,0,1,1
Tomas Satoransky,CHI,"PG,SG",10000000 ,0.6,0,0,1,0,1
Joe Ingles,UTA,"SG,SF",11954546 ,0.59,0,0,0,1,1
Joe Harris,BKN,"SG,SF",7670000 ,0.58,0,0,0,1,1
Bogdan Bogdanovic,SAC,"SG,SF",8529386 ,0.52,0,0,0,1,1
Tristan Thompson?,CLE,"PF,C",18539130 ,0.51,1,1,0,0,0
Markelle Fultz,ORL,"PG,SG",9745200 ,0.44,0,0,1,0,1
Trevor Ariza,POR,"SG,SF",12200000 ,0.43,0,0,0,1,1
Josh Hart,NOP,"SG,SF",1934160 ,0.39,0,0,0,1,1
Kendrick Nunn?,MIA,"PG,SG",1416852 ,0.34,0,0,1,0,1
Damion Lee,GSW,SG,842327 ,0.33,0,0,0,0,1
Maxi Kleber,DAL,"PF,C",8000000 ,0.32,1,1,0,0,0
Josh Richardson,PHI,"SG,SF",10100000 ,0.31,0,0,0,1,1
Glenn Robinson III,PHI,"SG,SF",1882867 ,0.28,0,0,0,1,1
Derrick Jones Jr.,MIA,"SF,PF",1645357 ,0.28,0,1,0,1,0
Harrison Barnes,SAC,"SF,PF",24147727 ,0.26,0,1,0,1,0
Tim Hardaway Jr.,DAL,"SG,SF",18150000 ,0.21,0,0,0,1,1
Jordan Clarkson,UTA,"PG,SG",13437500 ,0.18,0,0,1,0,1
JaVale McGee,LAL,C,4000000 ,0.16,1,0,0,0,0
P.J. Washington,CHA,"SF,PF",3831840 ,0.13,0,1,0,1,0
Goran Dragic,MIA,"PG,SG",19217900 ,0.11,0,0,1,0,1
Marvin Bagley III?,SAC,"PF,C",8556120 ,0.11,1,1,0,0,0
Caris LeVert,BKN,"SG,SF",2625718 ,0.1,0,0,0,1,1
Gorgui Dieng,MEM,"PF,C",16229213 ,0.05,1,1,0,0,0
Seth Curry?,DAL,"PG,SG",7441860 ,0.04,0,0,1,0,1
Justin Holiday,IND,"SG,SF",4767000 ,0,0,0,0,1,1
Jeff Teague,ATL,PG,19000000 ,-0.1,0,0,1,0,0
Thaddeus Young,CHI,"SF,PF",12900000 ,-0.1,0,1,0,1,0
Willie Cauley-Stein?,DAL,"PF,C",2177483 ,-0.14,1,1,0,0,0
Miles Bridges,CHA,"SF,PF",3755400 ,-0.14,0,1,0,1,0
Delon Wright,DAL,"PG,SG",9473684 ,-0.14,0,0,1,0,1
Rui Hachimura,WAS,"SF,PF",4469160 ,-0.21,0,1,0,1,0
Otto Porter Jr.,CHI,"SF,PF",27250576 ,-0.24,0,1,0,1,0
Dwight Powell?,DAL,"PF,C",10259375 ,-0.29,1,1,0,0,0
Dario Saric,PHO,"PF,C",3481986 ,-0.33,1,1,0,0,0
George Hill?,MIL,"PG,SG",1000000 ,-0.34,0,0,1,0,1
Dorian Finney-Smith,DAL,"SF,PF",4000000 ,-0.34,0,1,0,1,0
Gary Harris,DEN,"SG,SF",17839286 ,-0.35,0,0,0,1,1
Bruce Brown?,DET,SG,1416852 ,-0.36,0,0,0,0,1
Moritz Wagner,WAS,"PF,C",2063520 ,-0.43,1,1,0,0,0
Danny Green,LAL,"SG,SF",14634146 ,-0.49,0,0,0,1,1
Ish Smith?,WAS,PG,5853659 ,-0.49,0,0,1,0,0
Mike Conley,UTA,PG,32511623 ,-0.5,0,0,1,0,0
Dillon Brooks,MEM,"SG,SF",1618520 ,-0.5,0,0,0,1,1
De'Anthony Melton,MEM,"PG,SG",1416852 ,-0.51,0,0,1,0,1
Taurean Prince,BKN,"SF,PF",3481986 ,-0.52,0,1,0,1,0
James Johnson,MIN,"SF,PF",15349400 ,-0.54,0,1,0,1,0
Jerami Grant,DEN,"SF,PF",9346153 ,-0.55,0,1,0,1,0
Rodney Hood?,POR,"SG,SF",5718000 ,-0.58,0,0,0,1,1
Ivica Zubac,LAC,C,6481482 ,-0.71,1,0,0,0,0
Troy Brown Jr.,WAS,"SG,SF",3219480 ,-0.75,0,0,0,1,1
Patty Mills,SAS,PG,12428571 ,-0.97,0,0,1,0,0
Zach Collins?,POR,"PF,C",4240200 ,-1.06,1,1,0,0,0
Royce O'Neale,UTA,SF,1618520 ,-1.08,0,0,0,1,0
Garrett Temple?,BKN,"SG,SF",4767000 ,-1.11,0,0,0,1,1
Enes Kanter,BOS,C,4767000 ,-1.11,1,0,0,0,0
Reggie Jackson,LAC,"PG,SG",17286956 ,-1.15,0,0,1,0,1
Robert Williams,BOS,"PF,C",1937520 ,-1.23,1,1,0,0,0
Josh Okogie,MIN,"PG,SG",2530680 ,-1.24,0,0,1,0,1
Kelly Olynyk,MIA,"PF,C",11667885 ,-1.25,1,1,0,0,0
Cedi Osman,CLE,"SF,PF",2907143 ,-1.27,0,1,0,1,0
Jordan McLaughlin,MIN,PG,79568 ,-1.3,0,0,1,0,0
Michael Carter-Williams,ORL,PG,2028594 ,-1.3,0,0,1,0,0
Jakob Poeltl?,SAS,C,3754886 ,-1.32,1,0,0,0,0
Aron Baynes,PHO,C,5453280 ,-1.33,1,0,0,0,0
Cody Zeller,CHA,"PF,C",14471910 ,-1.38,1,1,0,0,0
Eric Paschall,GSW,"SF,PF",898310 ,-1.42,0,1,0,1,0
Rudy Gay,SAS,"SF,PF",14000000 ,-1.47,0,1,0,1,0
D.J. Augustin,ORL,PG,7250000 ,-1.47,0,0,1,0,0
Kent Bazemore,SAC,"SG,SF",19269662 ,-1.49,0,0,0,1,1
Tyler Herro?,MIA,"SG,SF",3640200 ,-1.5,0,0,0,1,1
Coby White,CHI,PG,5307120 ,-1.54,0,0,1,0,0
Aaron Holiday,IND,"PG,SG",2239200 ,-1.55,0,0,1,0,1
Cam Reddish,ATL,"PG,SG,SF",4245720 ,-1.57,0,0,1,1,1
Langston Galloway,DET,"PG,SG",7333333 ,-1.58,0,0,1,0,1
Kentavious Caldwell-Pope,LAL,"PG,SG,SF",8089282 ,-1.58,0,0,1,1,1
Mo Bamba,ORL,C,5697600 ,-1.67,1,0,0,0,0
T.J. McConnell,IND,PG,3500000 ,-1.76,0,0,1,0,0
Darius Garland?,CLE,PG,6400920 ,-1.84,0,0,1,0,0
Alex Len,SAC,"PF,C",4160000 ,-1.85,1,1,0,0,0
Josh Jackson,MEM,"SG,SF",7059480 ,-1.91,0,0,0,1,1
De'Andre Hunter,ATL,SF,7068360 ,-1.97,0,0,0,1,0
Kevin Porter Jr.?,CLE,SG,1290960 ,-2.01,0,0,0,0,1
Shake Milton,PHI,"PG,SG",1445697 ,-2.02,0,0,1,0,1
Tyus Jones,MEM,PG,8408000 ,-2.02,0,0,1,0,0
Tony Snell,DET,"SG,SF",11392857 ,-2.04,0,0,0,1,1
Monte Morris,DEN,"PG,SG",1588231 ,-2.05,0,0,1,0,1
Victor Oladipo,IND,"PG,SG",21000000 ,-2.09,0,0,1,0,1
Markieff Morris,LAL,"PF,C",2241808 ,-2.1,1,1,0,0,0
Landry Shamet,LAC,PG,1995120 ,-2.12,0,0,1,0,0
Bobby Portis,NYK,"PF,C",15000000 ,-2.14,1,1,0,0,0
Dwight Howard?,LAL,"PF,C",2564753 ,-2.15,1,1,0,0,0
John Henson?,DET,"PF,C",9732396 ,-2.17,1,1,0,0,0
Matisse Thybulle,PHI,"SG,SF",2582160 ,-2.2,0,0,0,1,1
Ky Bowman,GSW,PG,350189 ,-2.21,0,0,1,0,0
Malik Beasley,MIN,"PG,SG",2731714 ,-2.22,0,0,1,0,1
Ian Mahinmi,WAS,C,15450051 ,-2.23,1,0,0,0,0
Harry Giles III,SAC,"PF,C",2578800 ,-2.24,1,1,0,0,0
Skal Labissiere?,ATL,"PF,C",2338847 ,-2.26,1,1,0,0,0
Omari Spellman,MIN,PF,1897800 ,-2.3,0,1,0,0,0
Chris Boucher,TOR,"PF,C",1588231 ,-2.32,1,1,0,0,0
Brad Wanamaker,BOS,"PG,SG",1445697 ,-2.32,0,0,1,0,1
Marvin Williams,CHA,"SF,PF",956349 ,-2.34,0,1,0,1,0
JaMychal Green,LAC,"PF,C",4767000 ,-2.35,1,1,0,0,0
Juan Toscano-Anderson?,GSW,SF,350189 ,-2.38,0,0,0,1,0
Dewayne Dedmon,ATL,C,13333334 ,-2.39,1,0,0,0,0
Ben McLemore,HOU,"SG,SF",2028594 ,-2.42,0,0,0,1,1
Isaiah Thomas,LAC,PG,2320044 ,-2.44,0,0,1,0,0
Terence Davis,TOR,SG,898310 ,-2.44,0,0,0,0,1
Jordan McRae,DEN,"PG,SG",1645357 ,-2.46,0,0,1,0,1
Cameron Johnson?,PHO,"SG,SF",4033440 ,-2.47,0,0,0,1,1
Frank Ntilikina,NYK,"PG,SG",4855800 ,-2.47,0,0,1,0,1
Malik Monk?,CHA,"PG,SG",4028400 ,-2.49,0,0,1,0,1
Rajon Rondo,LAL,PG,2564753 ,-2.52,0,0,1,0,0
Bryn Forbes,SAS,"PG,SG",2875000 ,-2.53,0,0,1,0,1
Cory Joseph,SAC,PG,12000000 ,-2.55,0,0,1,0,0
Svi Mykhailiuk,DET,SG,1416852 ,-2.59,0,0,0,0,1
Eric Mika,SAC,C,50752 ,-2.6,1,0,0,0,0
Nicolas Batum,CHA,"SG,SF",25565217 ,-2.62,0,0,0,1,1
Kyle Kuzma,LAL,"SF,PF",1974600 ,-2.64,0,1,0,1,0
Eric Gordon,HOU,"SG,SF",14057730 ,-2.64,0,0,0,1,1
Damian Jones,ATL,C,2305057 ,-2.69,1,0,0,0,0
Avery Bradley,LAL,"PG,SG",2000000 ,-2.71,0,0,1,0,1
Kyle Anderson,MEM,"SG,SF,PF",9073050 ,-2.71,0,1,0,1,1
Justise Winslow?,MEM,"PG,SF,PF",13000000 ,-2.72,0,1,1,1,0
Andre Iguodala,MIA,"SG,SF",17185185 ,-2.73,0,0,0,1,1
Furkan Korkmaz,PHI,SG,1620564 ,-2.74,0,0,0,0,1
Doug McDermott?,IND,"SF,PF",7333334 ,-2.77,0,1,0,1,0
DeAndre' Bembry?,ATL,SF,2603982 ,-2.78,0,0,0,1,0
Trey Lyles,SAS,"PF,C",5500000 ,-2.8,1,1,0,0,0
Blake Griffin?,DET,"PF,C",34234964 ,-2.82,1,1,0,0,0
Rondae Hollis-Jefferson,TOR,"SF,PF",2500000 ,-2.89,0,1,0,1,0
Naz Reid,MIN,C,898310 ,-2.9,1,0,0,0,0
Jalen Brunson?,DAL,"PG,SG",1416582 ,-2.92,0,0,1,0,1
Michael Porter Jr.,DEN,SF,3389400 ,-2.95,0,0,0,1,0
Taj Gibson,NYK,"PF,C",9800000 ,-2.96,1,1,0,0,0
Frank Kaminsky?,PHO,"PF,C",4767000 ,-2.98,1,1,0,0,0
Ersan Ilyasova,MIL,"SF,PF",7000000 ,-2.98,0,1,0,1,0
Moe Harkless,NYK,"SF,PF",11511234 ,-3.06,0,1,0,1,0
Dragan Bender,MIL,"PF,C",1678854 ,-3.11,1,1,0,0,0
Jaxson Hayes,NOP,C,4862040 ,-3.13,1,0,0,0,0
Meyers Leonard?,MIA,"PF,C",11286515 ,-3.13,1,1,0,0,0
Reggie Bullock,NYK,"SG,SF",4000000 ,-3.14,0,0,0,1,1
Nicolo Melli,NOP,PF,3902439 ,-3.16,0,1,0,0,0
Alex Caruso?,LAL,SG,2750000 ,-3.22,0,0,0,0,1
Jeff Green,HOU,"SF,PF",2564753 ,-3.24,0,1,0,1,0
Caleb Martin,CHA,SG,898310 ,-3.26,0,0,0,0,1
Gary Trent Jr.,POR,SG,1416852 ,-3.29,0,0,0,0,1
Isaac Bonga?,WAS,"SF,PF",1416852 ,-3.35,0,1,0,1,0
Mason Plumlee,DEN,"PF,C",14041096 ,-3.36,1,1,0,0,0
Patrick McCaw,TOR,"SG,SF",4000000 ,-3.38,0,0,0,1,1
Jake Layman,MIN,"SF,PF",3581986 ,-3.4,0,1,0,1,0
Jahlil Okafor,NOP,C,1702486 ,-3.47,1,0,0,0,0
Wilson Chandler,BKN,"SF,PF",2564753 ,-3.48,0,1,0,1,0
Wesley Matthews,MIL,"SG,SF",2564753 ,-3.5,0,0,0,1,1
Solomon Hill,MIA,"SG,SF",13258781 ,-3.54,0,0,0,1,1
Mychal Mulder,GSW,SG,187782 ,-3.63,0,0,0,0,1
Dion Waiters?,MEM,"SG,SF",503656 ,-3.63,0,0,0,1,1
Pat Connaughton,MIL,"SG,SF",1723050 ,-3.65,0,0,0,1,1
Daniel Gafford,CHI,C,898310 ,-3.66,1,0,0,0,0
Austin Rivers,HOU,"PG,SG",2174318 ,-3.66,0,0,1,0,1
Courtney Lee,DAL,"SG,SF",12759670 ,-3.67,0,0,0,1,1
Denzel Valentine,CHI,"SG,SF",3377569 ,-3.67,0,0,0,1,1
Kyle Korver,MIL,"SG,SF",2564753 ,-3.74,0,0,0,1,1
J.J. Barea,DAL,"PG,SG",2564753 ,-3.81,0,0,1,0,1
Jalen McDaniels,CHA,PF,898310 ,-3.81,0,1,0,0,0
Shaquille Harrison,CHI,"PG,SG",898310 ,-3.82,0,0,1,0,1
Kenrich Williams,NOP,"SF,PF",1416852 ,-3.87,0,1,0,1,0
John Konchar,MEM,SG,79568 ,-3.88,0,0,0,0,1
Gary Payton II,WAS,SG,1090781 ,-3.88,0,0,0,0,1
Luke Kornet?,CHI,"PF,C",2195122 ,-3.9,1,1,0,0,0
E'Twaun Moore,NOP,"SG,SF",8664928 ,-3.92,0,0,0,1,1
Bismack Biyombo,CHA,"PF,C",17000000 ,-3.97,1,1,0,0,0
David Nwaba,BKN,"SG,SF",1678854 ,-4,0,0,0,1,1
Isaiah Hartenstein,HOU,PF,1416852 ,-4,0,1,0,0,0
RJ Barrett,NYK,"SG,SF",7839960 ,-4.06,0,0,0,1,1
James Ennis III,ORL,"SG,SF",1882867 ,-4.08,0,0,0,1,1
Emmanuel Mudiay,UTA,PG,1737145 ,-4.09,0,0,1,0,0
Torrey Craig,DEN,"SG,SF",2100000 ,-4.11,0,0,0,1,1
Jarrett Culver,MIN,"PG,SG,SF",5813640 ,-4.12,0,0,1,1,1
Jevon Carter,PHO,PG,1416852 ,-4.23,0,0,1,0,0
Cody Martin,CHA,SF,1173310 ,-4.24,0,0,0,1,0
Anfernee Simons,POR,"PG,SG",2149560 ,-4.24,0,0,1,0,1
CJ Miles,WAS,"SG,SF",8730158 ,-4.24,0,0,0,1,1
Al-Farouq Aminu?,ORL,"SF,PF",9258000 ,-4.25,0,1,0,1,0
Keita Bates-Diop?,DEN,"SF,PF",1416852 ,-4.29,0,1,0,1,0
Chris Chiozza,BKN,PG,137374 ,-4.31,0,0,1,0,0
Tony Bradley,UTA,C,1962360 ,-4.34,1,0,0,0,0
Luguentz Dort,OKC,SG,79568 ,-4.4,0,0,0,0,1
Cristiano Felicio,CHI,C,8156500 ,-4.42,1,0,0,0,0
Jordan Poole,GSW,SG,1964760 ,-4.53,0,0,0,0,1
Mario Hezonja,POR,"SG,SF",1737145 ,-4.55,0,0,0,1,1
Kelan Martin?,MIN,SG,79568 ,-4.56,0,0,0,0,1
Garrison Mathews,WAS,SG,79568 ,-4.56,0,0,0,0,1
Kyle O'Quinn,PHI,"PF,C",2028594 ,-4.57,1,1,0,0,0
Boban Marjanovic,DAL,C,3500000 ,-4.6,1,0,0,0,0
Darius Bazley?,OKC,"SF,PF",2284800 ,-4.64,0,1,0,1,0
Abdel Nader,OKC,"SF,PF",1618520 ,-4.64,0,1,0,1,0
Wes Iwundu,ORL,"SG,SF",1618520 ,-4.66,0,0,0,1,1
Robin Lopez,MIL,C,4767000 ,-4.66,1,0,0,0,0
Thon Maker,DET,"PF,C",3569643 ,-4.68,1,1,0,0,0
Mike Scott,PHI,"SF,PF",4767000 ,-4.7,0,1,0,1,0
Cheick Diallo,PHO,"PF,C",1678854 ,-4.72,1,1,0,0,0
Damyean Dotson,NYK,SG,1618520 ,-4.73,0,0,0,0,1
Chandler Hutchison?,CHI,"SG,SF",2332320 ,-4.75,0,0,0,1,1
Jeremy Pargo,GSW,"PG,SG",91557 ,-4.86,0,0,1,0,1
Grant Williams,BOS,PF,2379840 ,-4.87,0,1,0,0,0
Grayson Allen?,MEM,SG,2429400 ,-4.91,0,0,0,0,1
Sterling Brown,MIL,"SG,SF",1618520 ,-4.91,0,0,0,1,1
Ryan Arcidiacono?,CHI,PG,3000000 ,-4.99,0,0,1,0,0
Brandon Goodwin,ATL,PG,522738 ,-5.1,0,0,1,0,0
Noah Vonleh,DEN,"PF,C",2000000 ,-5.12,1,1,0,0,0
Timothe Luwawu-Cabarrot,BKN,"SG,SF",654468 ,-5.15,0,0,0,1,1
Edmond Sumner,IND,PG,2000000 ,-5.16,0,0,1,0,0
Johnathan Williams,WAS,PF,106181 ,-5.17,0,1,0,0,0
Tyler Johnson,PHO,"PG,SG",19245370 ,-5.17,0,0,1,0,1
Norvel Pelle,PHI,C,350189 ,-5.23,1,0,0,0,0
Kevon Looney?,GSW,"PF,C",4464286 ,-5.27,1,1,0,0,0
Georges Niang,UTA,"SF,PF",1678854 ,-5.28,0,1,0,1,0
Keldon Johnson,SAS,SF,1950600 ,-5.28,0,0,0,1,0
Mike Muscala,OKC,"PF,C",2028594 ,-5.29,1,1,0,0,0
Naz Mitrou-Long,IND,PG,77250 ,-5.3,0,0,1,0,0
Vince Carter,ATL,"SG,SF",2564753 ,-5.32,0,0,0,1,1
Willy Hernangomez,CHA,C,1676735 ,-5.33,1,0,0,0,0
Ryan Broekhoff,DAL,SF,1443842 ,-5.38,0,0,0,1,0
Tim Frazier,DET,"PG,SG",1882867 ,-5.39,0,0,1,0,1
Juancho Hernangomez,MIN,"SF,PF",3321030 ,-5.4,0,1,0,1,0
Drew Eubanks,SAS,PF,77250 ,-5.42,0,1,0,0,0
Terrance Ferguson,OKC,"SG,SF",2475840 ,-5.42,0,0,0,1,1
Alfonzo McKinnie,CLE,PF,1361046 ,-5.43,0,1,0,0,0
Trey Burke,PHI,PG,2028594 ,-5.43,0,0,1,0,0
Wayne Ellington,NYK,"SG,SF",7804878 ,-5.43,0,0,0,1,1
Lonnie Walker IV?,SAS,SG,2760480 ,-5.46,0,0,0,0,1
Matthew Dellavedova,CLE,"PG,SG",9607500 ,-5.47,0,0,1,0,1
Evan Turner?,MIN,"SG,SF",18606557 ,-5.47,0,0,0,1,1
Iman Shumpert,BKN,"SG,SF",419443 ,-5.48,0,0,0,1,1
Khem Birch,ORL,"PF,C",3000000 ,-5.48,1,1,0,0,0
Anzejs Pasecniks,WAS,C,482144 ,-5.48,1,0,0,0,0
Brandon Knight,DET,"PG,SG",15643750 ,-5.5,0,0,1,0,1
Hamidou Diallo,OKC,SG,1416852 ,-5.55,0,0,0,0,1
Thabo Sefolosha,HOU,"SG,SF",2564753 ,-5.58,0,0,0,1,1
Allonzo Trier,NYK,SG,3551100 ,-5.6,0,0,0,0,1
Elie Okobo,PHO,PG,1416852 ,-5.62,0,0,1,0,0
Raul Neto,PHI,PG,1737145 ,-5.63,0,0,1,0,0
Kadeem Allen,NYK,SG,77250 ,-5.76,0,0,0,0,1
Jerome Robinson,WAS,SG,3567720 ,-5.79,0,0,0,0,1
Jacob Evans III,MIN,SG,1925880 ,-5.81,0,0,0,0,1
Ante Zizic,CLE,C,2281800 ,-5.82,1,0,0,0,0
Sekou Doumbouya,DET,"SF,PF",3285120 ,-5.86,0,1,0,1,0
Dante Exum?,CLE,"PG,SG",9600000 ,-5.86,0,0,1,0,1
Bruno Fernando,ATL,C,1400000 ,-5.88,1,0,0,0,0
Bruno Caboclo,HOU,"SF,PF",1845301 ,-5.91,0,1,0,1,0
Kevin Knox II,NYK,"SF,PF",4380120 ,-5.95,0,1,0,1,0
Justin Jackson,DAL,SF,3280920 ,-5.99,0,0,0,1,0
Chandler Parsons,ATL,"SF,PF",25102511 ,-6,0,1,0,1,0
Marko Guduric,MEM,SG,2625000 ,-6.01,0,0,0,0,1
Alen Smailagic?,GSW,PF,898310 ,-6.01,0,1,0,0,0
Allen Crabbe,MIN,"SG,SF",17818456 ,-6.01,0,0,0,1,1
Anthony Tolliver,SAC,"SF,PF",2419852 ,-6.04,0,1,0,1,0
Ed Davis,UTA,"PF,C",4767000 ,-6.13,1,1,0,0,0
Gary Clark,HOU,"SF,PF",708426 ,-6.14,0,1,0,1,0
Chris Clemons,HOU,PG,568422 ,-6.15,0,0,1,0,0
Matt Thomas,TOR,SG,898310 ,-6.16,0,0,0,0,1
Goga Bitadze,IND,C,2816760 ,-6.17,1,0,0,0,0
Marco Belinelli,SAS,"SG,SF",5846154 ,-6.21,0,0,0,1,1
Rodions Kurucs,BKN,"SF,PF",1699236 ,-6.21,0,1,0,1,0
JaKarr Sampson,IND,"SG,SF",1737145 ,-6.22,0,0,0,1,1
Quinn Cook,LAL,PG,3000000 ,-6.22,0,0,1,0,0
Patrick Patterson,LAC,"PF,C",2331593 ,-6.23,1,1,0,0,0
Ty Jerome,PHO,"PG,SG",2193480 ,-6.24,0,0,1,0,1
Tremont Waters,BOS,PG,79568 ,-6.26,0,0,1,0,0
Nassir Little,POR,SF,2105520 ,-6.26,0,0,0,1,0
Semi Ojeleye,BOS,"SF,PF",1618520 ,-6.27,0,1,0,1,0
Nicolas Claxton,BKN,C,898310 ,-6.36,1,0,0,0,0
Chris Silva,MIA,SG,466918 ,-6.38,0,0,0,0,1
Yogi Ferrell,SAC,"PG,SG",3150000 ,-6.39,0,0,1,0,1
Nickeil Alexander-Walker?,NOP,SG,2964840 ,-6.39,0,0,0,0,1
Treveon Graham?,ATL,"SG,SF",1678854 ,-6.4,0,0,0,1,1
Theo Pinson,BKN,SF,1445697 ,-6.41,0,0,0,1,0
Javonte Green,BOS,PG,898310 ,-6.42,0,0,1,0,0
Rodney McGruder,LAC,"SG,SF",4629630 ,-6.42,0,0,0,1,1
Dennis Smith Jr.,NYK,"PG,SG",4463640 ,-6.46,0,0,1,0,1
Caleb Swanigan,POR,"PF,C",2033160 ,-6.54,1,1,0,0,0
Chasson Randle,WAS,PG,91557 ,-6.57,0,0,1,0,0
Jaylen Nowell,MIN,SG,1400000 ,-6.6,0,0,0,0,1
Dwayne Bacon,CHA,SG,1400000 ,-6.61,0,0,0,0,1
Derrick Walton Jr.,ATL,PG,1445697 ,-6.79,0,0,1,0,0
PJ Dozier,DEN,"PG,SG",79568 ,-6.79,0,0,1,0,1
Jordan Bell,MEM,"PF,C",1620564 ,-6.82,1,1,0,0,0
Donta Hall,DET,PF,101504 ,-6.88,0,1,0,0,0
Wenyen Gabriel,POR,PF,898310 ,-6.88,0,1,0,0,0
Frank Jackson,NOP,PG,1618520 ,-6.93,0,0,1,0,0
D.J. Wilson,MIL,PF,2961120 ,-6.96,0,1,0,0,0
Jared Dudley,LAL,"SF,PF",2564753 ,-7.09,0,1,0,1,0
TJ Leaf,IND,PF,2813280 ,-7.12,0,1,0,0,0
Troy Daniels,LAL,"PG,SG",2028594 ,-7.15,0,0,1,0,1
Admiral Schofield,WAS,SF,898310 ,-7.17,0,0,0,1,0
Carsen Edwards,BOS,PG,1228026 ,-7.23,0,0,1,0,0
Tyson Chandler,HOU,C,2564753 ,-7.28,1,0,0,0,0
Adam Mokoka,CHI,SG,79568 ,-7.28,0,0,0,0,1
Terance Mann,LAC,SF,1000000 ,-7.29,0,0,0,1,0
Jaylen Hoard,POR,SF,450000 ,-7.34,0,0,0,1,0
Dzanan Musa,BKN,SF,1634400 ,-7.36,0,0,0,1,0
Zach Norvell Jr.,LAL,SG,50752 ,-7.47,0,0,0,0,1
DeMarre Carroll,SAS,"SF,PF",811447 ,-7.51,0,1,0,1,0
Michael Kidd-Gilchrist?,CHA,SF,810763 ,-7.57,0,0,0,1,0
Tyrone Wallace,MIN,"PG,SG",1349383 ,-7.61,0,0,1,0,1
Oshae Brissett,TOR,PF,129568 ,-7.68,0,1,0,0,0
Zylan Cheatham,NOP,SF,79568 ,-7.71,0,0,0,1,0
Romeo Langford,BOS,SG,3458400 ,-7.72,0,0,0,0,1
Joe Chealey,CHA,PG,163356 ,-7.82,0,0,1,0,0
Deonte Burton,OKC,SF,1416852 ,-8.04,0,0,0,1,0
Amir Coffey,LAC,SF,79568 ,-8.13,0,0,0,1,0
Khyri Thomas,DET,SG,838464 ,-8.19,0,0,0,0,1
Michael Frazier,HOU,SG,79568 ,-8.55,0,0,0,0,1
Frank Mason,MIL,PG,79568 ,-8.86,0,0,1,0,0
Josh Gray,NOP,PG,92159 ,-8.93,0,0,1,0,0
Luka Samanic,SAS,PF,2689920 ,-10.38,0,1,0,0,0
